X,Y,Z
-1.500614,0.01472707,-3.300314
-1.501509,0.01419223,-3.303261
-1.501107,0.01516038,-3.303216
-1.501017,0.01375893,-3.300358
-1.500122,0.01429378,-3.297411
-1.500525,0.01332562,-3.297456
-1.49963,0.01386048,-3.294508
-1.500033,0.01289232,-3.294553
-1.499138,0.01342717,-3.291605
-1.499541,0.01245903,-3.29165
-1.498646,0.01299388,-3.288703
-1.499049,0.01202573,-3.288747
-1.498154,0.01256057,-3.2858
-1.498557,0.01159242,-3.285845
-1.497662,0.01212727,-3.282897
-1.498065,0.01115913,-3.282942
-1.49717,0.01169397,-3.279994
-1.497573,0.01072583,-3.280039
-1.496678,0.01126067,-3.277092
-1.497081,0.01029252,-3.277136
-1.496186,0.01082736,-3.274189
-1.496588,0.009859223,-3.274234
-1.495694,0.01039407,-3.271286
-1.496096,0.009425923,-3.271331
-1.495202,0.009960763,-3.268384
-1.495604,0.008992616,-3.268428
-1.49471,0.009527463,-3.265481
-1.495112,0.008559309,-3.265525
-1.494183,0.009110861,-3.262617
-1.494581,0.008144598,-3.262666
-1.506056,0.01477071,-3.300095
-1.50656,0.01625553,-3.302931
-1.506548,0.01520401,-3.302998
-1.506068,0.01582222,-3.300029
-1.505563,0.0143374,-3.297192
-1.505576,0.01538891,-3.297126
-1.505072,0.01390409,-3.294289
-1.505084,0.0149556,-3.294223
-1.504579,0.01347079,-3.291387
-1.504592,0.0145223,-3.29132
-1.504087,0.01303748,-3.288484
-1.5041,0.01408898,-3.288418
-1.503595,0.01260417,-3.285581
-1.503608,0.01365568,-3.285515
-1.503103,0.01217086,-3.282678
-1.503116,0.01322237,-3.282612
-1.502611,0.01173756,-3.279776
-1.502624,0.01278906,-3.279709
-1.502119,0.01130425,-3.276873
-1.502132,0.01235575,-3.276807
-1.501627,0.01087094,-3.27397
-1.50164,0.01192245,-3.273904
-1.501135,0.01043763,-3.271067
-1.501148,0.01148913,-3.271001
-1.500643,0.01000433,-3.268165
-1.500655,0.01105583,-3.268098
-1.500151,0.00957102,-3.265262
-1.500163,0.01062252,-3.265195
-1.499634,0.009149529,-3.262386
-1.499651,0.01019906,-3.262316
-1.506068,0.01582222,-3.300029
-1.506158,0.01722368,-3.302887
-1.50656,0.01625553,-3.302931
-1.505666,0.01679037,-3.299984
-1.505576,0.01538891,-3.297126
-1.505174,0.01635706,-3.297081
-1.505084,0.0149556,-3.294223
-1.504681,0.01592375,-3.294178
-1.504592,0.0145223,-3.29132
-1.504189,0.01549044,-3.291276
-1.5041,0.01408898,-3.288418
-1.503697,0.01505714,-3.288373
-1.503608,0.01365568,-3.285515
-1.503205,0.01462383,-3.28547
-1.503116,0.01322237,-3.282612
-1.502713,0.01419052,-3.282568
-1.502624,0.01278906,-3.279709
-1.502221,0.01375722,-3.279665
-1.502132,0.01235575,-3.276807
-1.501729,0.0133239,-3.276762
-1.50164,0.01192245,-3.273904
-1.501237,0.0128906,-3.273859
-1.501148,0.01148913,-3.271001
-1.500745,0.01245729,-3.270957
-1.500655,0.01105583,-3.268098
-1.500253,0.01202398,-3.268054
-1.500163,0.01062252,-3.265195
-1.499761,0.01159067,-3.265151
-1.499651,0.01019906,-3.262316
-1.499251,0.01116586,-3.262268
-1.500627,0.01577859,-3.300247
-1.501107,0.01516038,-3.303216
-1.501119,0.01621189,-3.30315
-1.500614,0.01472707,-3.300314
-1.500135,0.01534529,-3.297345
-1.500122,0.01429378,-3.297411
-1.499643,0.01491199,-3.294442
-1.49963,0.01386048,-3.294508
-1.499151,0.01447869,-3.291539
-1.499138,0.01342717,-3.291605
-1.498659,0.01404538,-3.288636
-1.498646,0.01299388,-3.288703
-1.498167,0.01361209,-3.285734
-1.498154,0.01256057,-3.2858
-1.497675,0.01317879,-3.282831
-1.497662,0.01212727,-3.282897
-1.497183,0.01274548,-3.279928
-1.49717,0.01169397,-3.279994
-1.496691,0.01231218,-3.277025
-1.496678,0.01126067,-3.277092
-1.496198,0.01187888,-3.274123
-1.496186,0.01082736,-3.274189
-1.495706,0.01144559,-3.27122
-1.495694,0.01039407,-3.271286
-1.495214,0.01101228,-3.268317
-1.495202,0.009960763,-3.268384
-1.494722,0.01057899,-3.265414
-1.49471,0.009527463,-3.265481
-1.4942,0.01016006,-3.262545
-1.494183,0.009110861,-3.262617
-1.50563,0.01379592,-3.300173
-1.506548,0.01520401,-3.302998
-1.506122,0.01422923,-3.303076
-1.506056,0.01477071,-3.300095
-1.505138,0.01336261,-3.29727
-1.505563,0.0143374,-3.297192
-1.504646,0.01292931,-3.294367
-1.505072,0.01390409,-3.294289
-1.504154,0.01249599,-3.291465
-1.504579,0.01347079,-3.291387
-1.503662,0.01206269,-3.288562
-1.504087,0.01303748,-3.288484
-1.503169,0.01162938,-3.285659
-1.503595,0.01260417,-3.285581
-1.502677,0.01119607,-3.282756
-1.503103,0.01217086,-3.282678
-1.502185,0.01076276,-3.279854
-1.502611,0.01173756,-3.279776
-1.501693,0.01032946,-3.276951
-1.502119,0.01130425,-3.276873
-1.501201,0.009896148,-3.274048
-1.501627,0.01087094,-3.27397
-1.500709,0.009462837,-3.271145
-1.501135,0.01043763,-3.271067
-1.500217,0.009029534,-3.268242
-1.500643,0.01000433,-3.268165
-1.499725,0.00859623,-3.26534
-1.500151,0.00957102,-3.265262
-1.499203,0.008177124,-3.26247
-1.499634,0.009149529,-3.262386
-1.501053,0.01675338,-3.300169
-1.501119,0.01621189,-3.30315
-1.501545,0.01718668,-3.303072
-1.500627,0.01577859,-3.300247
-1.500561,0.01632007,-3.297267
-1.500135,0.01534529,-3.297345
-1.500069,0.01588677,-3.294364
-1.499643,0.01491199,-3.294442
-1.499577,0.01545347,-3.291461
-1.499151,0.01447869,-3.291539
-1.499085,0.01502016,-3.288558
-1.498659,0.01404538,-3.288636
-1.498592,0.01458686,-3.285656
-1.498167,0.01361209,-3.285734
-1.4981,0.01415356,-3.282753
-1.497675,0.01317879,-3.282831
-1.497608,0.01372026,-3.27985
-1.497183,0.01274548,-3.279928
-1.497116,0.01328696,-3.276947
-1.496691,0.01231218,-3.277025
-1.496624,0.01285365,-3.274045
-1.496198,0.01187888,-3.274123
-1.496132,0.01242035,-3.271142
-1.495706,0.01144559,-3.27122
-1.49564,0.01198705,-3.268239
-1.495214,0.01101228,-3.268317
-1.495148,0.01155375,-3.265337
-1.494722,0.01057899,-3.265414
-1.494631,0.01113251,-3.262462
-1.4942,0.01016006,-3.262545
-1.504856,0.01304625,-3.300251
-1.506122,0.01422923,-3.303076
-1.505348,0.01347956,-3.303153
-1.50563,0.01379592,-3.300173
-1.504364,0.01261295,-3.297348
-1.505138,0.01336261,-3.29727
-1.503871,0.01217964,-3.294445
-1.504646,0.01292931,-3.294367
-1.503379,0.01174633,-3.291542
-1.504154,0.01249599,-3.291465
-1.502887,0.01131303,-3.28864
-1.503662,0.01206269,-3.288562
-1.502395,0.01087972,-3.285737
-1.503169,0.01162938,-3.285659
-1.501903,0.01044642,-3.282834
-1.502677,0.01119607,-3.282756
-1.501411,0.01001311,-3.279931
-1.502185,0.01076276,-3.279854
-1.500919,0.009579804,-3.277029
-1.501693,0.01032946,-3.276951
-1.500427,0.009146497,-3.274126
-1.501201,0.009896148,-3.274048
-1.499935,0.008713193,-3.271223
-1.500709,0.009462837,-3.271145
-1.499443,0.008279886,-3.26832
-1.500217,0.009029534,-3.268242
-1.498951,0.007846583,-3.265418
-1.499725,0.00859623,-3.26534
-1.498424,0.007429887,-3.262553
-1.499203,0.008177124,-3.26247
-1.501827,0.01750305,-3.300092
-1.501545,0.01718668,-3.303072
-1.502319,0.01793635,-3.302995
-1.501053,0.01675338,-3.300169
-1.501335,0.01706975,-3.297189
-1.500561,0.01632007,-3.297267
-1.500843,0.01663644,-3.294286
-1.500069,0.01588677,-3.294364
-1.500351,0.01620314,-3.291384
-1.499577,0.01545347,-3.291461
-1.499859,0.01576983,-3.288481
-1.499085,0.01502016,-3.288558
-1.499367,0.01533653,-3.285578
-1.498592,0.01458686,-3.285656
-1.498875,0.01490323,-3.282676
-1.4981,0.01415356,-3.282753
-1.498383,0.01446993,-3.279773
-1.497608,0.01372026,-3.27985
-1.49789,0.01403662,-3.27687
-1.497116,0.01328696,-3.276947
-1.497398,0.01360331,-3.273967
-1.496624,0.01285365,-3.274045
-1.496906,0.01317001,-3.271064
-1.496132,0.01242035,-3.271142
-1.496414,0.01273671,-3.268162
-1.49564,0.01198705,-3.268239
-1.495922,0.01230341,-3.265259
-1.495148,0.01155375,-3.265337
-1.495409,0.01188021,-3.262379
-1.494631,0.01113251,-3.262462
-1.503851,0.01263584,-3.300316
-1.505348,0.01347956,-3.303153
-1.504343,0.01306913,-3.303219
-1.504856,0.01304625,-3.300251
-1.503359,0.01220253,-3.297413
-1.504364,0.01261295,-3.297348
-1.502867,0.01176923,-3.294511
-1.503871,0.01217964,-3.294445
-1.502375,0.01133592,-3.291608
-1.503379,0.01174633,-3.291542
-1.501883,0.01090261,-3.288705
-1.502887,0.01131303,-3.28864
-1.501391,0.0104693,-3.285802
-1.502395,0.01087972,-3.285737
-1.500898,0.01003601,-3.2829
-1.501903,0.01044642,-3.282834
-1.500406,0.009602699,-3.279997
-1.501411,0.01001311,-3.279931
-1.499914,0.009169392,-3.277094
-1.500919,0.009579804,-3.277029
-1.499422,0.008736089,-3.274191
-1.500427,0.009146497,-3.274126
-1.49893,0.008302782,-3.271289
-1.499935,0.008713193,-3.271223
-1.498438,0.007869478,-3.268386
-1.499443,0.008279886,-3.26832
-1.497946,0.007436175,-3.265483
-1.498951,0.007846583,-3.265418
-1.497415,0.007021446,-3.262623
-1.498424,0.007429887,-3.262553
-1.496789,0.006652232,-3.259869
-1.497802,0.00705881,-3.259795
-1.496091,0.006317832,-3.257196
-1.497106,0.006723199,-3.257118
-1.495343,0.006006829,-3.254576
-1.49636,0.006411582,-3.254498
-1.494571,0.005707812,-3.251985
-1.495587,0.006112572,-3.251906
-1.493797,0.005409364,-3.249395
-1.494812,0.005814757,-3.249317
-1.493046,0.005100053,-3.246779
-1.494059,0.005506702,-3.246705
-1.492342,0.004768472,-3.244112
-1.49335,0.005177006,-3.244042
-1.491707,0.004403215,-3.241367
-1.492711,0.004814234,-3.241303
-1.491167,0.003992938,-3.238518
-1.492164,0.004406974,-3.238461
-1.490735,0.00353118,-3.235549
-1.491727,0.003947619,-3.235497
-1.490512,0.003120471,-3.232491
-1.491498,0.003534179,-3.232441
-1.490626,0.002893943,-3.229386
-1.491612,0.003305119,-3.229333
-1.490989,0.002808496,-3.226252
-1.491981,0.003219143,-3.226195
-1.49151,0.002817709,-3.223103
-1.492512,0.003230572,-3.223041
-1.4921,0.002875555,-3.219955
-1.493115,0.003293909,-3.21989
-1.492666,0.002936825,-3.216826
-1.493697,0.003364217,-3.216759
-1.493116,0.00295721,-3.213734
-1.494165,0.003397163,-3.213668
-1.493357,0.00289334,-3.2107
-1.494425,0.003348906,-3.210636
-1.493297,0.002704136,-3.207745
-1.494385,0.003176846,-3.207684
-1.492897,0.002338264,-3.204846
-1.494003,0.002825245,-3.204787
-1.492345,0.00182591,-3.201907
-1.493442,0.002332471,-3.201872
-1.502832,0.01791346,-3.300026
-1.502319,0.01793635,-3.302995
-1.503324,0.01834677,-3.302929
-1.501827,0.01750305,-3.300092
-1.50234,0.01748016,-3.297124
-1.501335,0.01706975,-3.297189
-1.501848,0.01704685,-3.294221
-1.500843,0.01663644,-3.294286
-1.501356,0.01661354,-3.291318
-1.500351,0.01620314,-3.291384
-1.500863,0.01618024,-3.288415
-1.499859,0.01576983,-3.288481
-1.500371,0.01574694,-3.285512
-1.499367,0.01533653,-3.285578
-1.499879,0.01531363,-3.28261
-1.498875,0.01490323,-3.282676
-1.499387,0.01488033,-3.279707
-1.498383,0.01446993,-3.279773
-1.498895,0.01444702,-3.276804
-1.49789,0.01403662,-3.27687
-1.498403,0.01401372,-3.273901
-1.497398,0.01360331,-3.273967
-1.497911,0.01358042,-3.270999
-1.496906,0.01317001,-3.271064
-1.497419,0.01314712,-3.268096
-1.496414,0.01273671,-3.268162
-1.496927,0.01271381,-3.265193
-1.495922,0.01230341,-3.265259
-1.496417,0.01228919,-3.262311
-1.495409,0.01188021,-3.262379
-1.495818,0.01190708,-3.259526
-1.494806,0.01149997,-3.2596
-1.495144,0.01156104,-3.256826
-1.494129,0.01115518,-3.256902
-1.494418,0.01123967,-3.254183
-1.493402,0.01083443,-3.25426
-1.493664,0.01093154,-3.25157
-1.492649,0.01052632,-3.251648
-1.492907,0.0106253,-3.248962
-1.491893,0.01021948,-3.249038
-1.492169,0.01030961,-3.246332
-1.491157,0.009902585,-3.246405
-1.491475,0.009973247,-3.243654
-1.490466,0.009564474,-3.243723
-1.490846,0.009605449,-3.240903
-1.489842,0.009194415,-3.240967
-1.490302,0.009196956,-3.238057
-1.489304,0.008783415,-3.238116
-1.489852,0.008743454,-3.235108
-1.488859,0.008327611,-3.235161
-1.489601,0.008334242,-3.232069
-1.488615,0.00792082,-3.23212
-1.4897,0.008109923,-3.228977
-1.488714,0.00769883,-3.22903
-1.490058,0.008030768,-3.225851
-1.489066,0.007620052,-3.225909
-1.490582,0.008051947,-3.222712
-1.48958,0.007638883,-3.222774
-1.49118,0.008128587,-3.219577
-1.490164,0.007709906,-3.219642
-1.491759,0.008216143,-3.216465
-1.490727,0.007788267,-3.216531
-1.492223,0.008270312,-3.213395
-1.491174,0.00782964,-3.213462
-1.492481,0.008246873,-3.210389
-1.491412,0.007790156,-3.210453
-1.492439,0.008101799,-3.207463
-1.49135,0.007627167,-3.207524
-1.492075,0.007765159,-3.204568
-1.490965,0.007275451,-3.204628
-1.502769,0.01262715,-3.30036
-1.504343,0.01306913,-3.303219
-1.503261,0.01306046,-3.303262
-1.503851,0.01263584,-3.300316
-1.502277,0.01219385,-3.297457
-1.503359,0.01220253,-3.297413
-1.501784,0.01176056,-3.294554
-1.502867,0.01176923,-3.294511
-1.501292,0.01132725,-3.291651
-1.502375,0.01133592,-3.291608
-1.5008,0.01089395,-3.288749
-1.501883,0.01090261,-3.288705
-1.500308,0.01046064,-3.285846
-1.501391,0.0104693,-3.285802
-1.499816,0.01002734,-3.282943
-1.500898,0.01003601,-3.2829
-1.499324,0.009594042,-3.280041
-1.500406,0.009602699,-3.279997
-1.498832,0.009160738,-3.277138
-1.499914,0.009169392,-3.277094
-1.49834,0.008727435,-3.274235
-1.499422,0.008736089,-3.274191
-1.497848,0.008294132,-3.271332
-1.49893,0.008302782,-3.271289
-1.497356,0.007860836,-3.26843
-1.498438,0.007869478,-3.268386
-1.496864,0.007427532,-3.265527
-1.497946,0.007436175,-3.265483
-1.496331,0.007013906,-3.26267
-1.497415,0.007021446,-3.262623
-1.495703,0.006645493,-3.259917
-1.496789,0.006652232,-3.259869
-1.495004,0.006311376,-3.257244
-1.496091,0.006317832,-3.257196
-1.494257,0.006000116,-3.254624
-1.495343,0.006006829,-3.254576
-1.493486,0.005700327,-3.252031
-1.494571,0.005707812,-3.251985
-1.492715,0.005400576,-3.249438
-1.493797,0.005409364,-3.249395
-1.491968,0.005089436,-3.246818
-1.493046,0.005100053,-3.246779
-1.491268,0.004755519,-3.244146
-1.492342,0.004768472,-3.244112
-1.49064,0.004387449,-3.241394
-1.491707,0.004403215,-3.241367
-1.490106,0.003974315,-3.238538
-1.491167,0.003992938,-3.238518
-1.489676,0.003511004,-3.235566
-1.490735,0.00353118,-3.235549
-1.489458,0.003103126,-3.232508
-1.490512,0.003120471,-3.232491
-1.503914,0.01792214,-3.299983
-1.503324,0.01834677,-3.302929
-1.504406,0.01835545,-3.302886
-1.502832,0.01791346,-3.300026
-1.503422,0.01748883,-3.29708
-1.50234,0.01748016,-3.297124
-1.50293,0.01705553,-3.294177
-1.501848,0.01704685,-3.294221
-1.502438,0.01662222,-3.291275
-1.501356,0.01661354,-3.291318
-1.501946,0.01618891,-3.288372
-1.500863,0.01618024,-3.288415
-1.501454,0.01575562,-3.285469
-1.500371,0.01574694,-3.285512
-1.500962,0.01532231,-3.282566
-1.499879,0.01531363,-3.28261
-1.50047,0.01488899,-3.279664
-1.499387,0.01488033,-3.279707
-1.499978,0.01445569,-3.276761
-1.498895,0.01444702,-3.276804
-1.499485,0.01402239,-3.273858
-1.498403,0.01401372,-3.273901
-1.498993,0.01358908,-3.270955
-1.497911,0.01358042,-3.270999
-1.498501,0.01315577,-3.268052
-1.497419,0.01314712,-3.268096
-1.498009,0.01272247,-3.26515
-1.496927,0.01271381,-3.265193
-1.497501,0.01229708,-3.262265
-1.496417,0.01228919,-3.262311
-1.496904,0.01191403,-3.259479
-1.495818,0.01190708,-3.259526
-1.49623,0.01156757,-3.256778
-1.495144,0.01156104,-3.256826
-1.495504,0.01124629,-3.254134
-1.494418,0.01123967,-3.254183
-1.494749,0.01093877,-3.251523
-1.493664,0.01093154,-3.25157
-1.49399,0.01063365,-3.248917
-1.492907,0.0106253,-3.248962
-1.493249,0.01031956,-3.246291
-1.492169,0.01030961,-3.246332
-1.49255,0.009985249,-3.243618
-1.491475,0.009973247,-3.243654
-1.491916,0.009619813,-3.240872
-1.490846,0.009605449,-3.240903
-1.491367,0.009213667,-3.238032
-1.490302,0.009196956,-3.238057
-1.490914,0.008762013,-3.235087
-1.489852,0.008743454,-3.235108
-1.490658,0.008350302,-3.23205
-1.489601,0.008334242,-3.232069
-1.501773,0.01302154,-3.300375
-1.503261,0.01306046,-3.303262
-1.502265,0.01345484,-3.303277
-1.502769,0.01262715,-3.30036
-1.501281,0.01258823,-3.297472
-1.502277,0.01219385,-3.297457
-1.500789,0.01215493,-3.294569
-1.501784,0.01176056,-3.294554
-1.500297,0.01172163,-3.291666
-1.501292,0.01132725,-3.291651
-1.499805,0.01128833,-3.288764
-1.5008,0.01089395,-3.288749
-1.499313,0.01085503,-3.285861
-1.500308,0.01046064,-3.285846
-1.498821,0.01042173,-3.282958
-1.499816,0.01002734,-3.282943
-1.498329,0.009988423,-3.280055
-1.499324,0.009594042,-3.280041
-1.497837,0.009555127,-3.277153
-1.498832,0.009160738,-3.277138
-1.497345,0.009121824,-3.27425
-1.49834,0.008727435,-3.274235
-1.496853,0.008688517,-3.271347
-1.497848,0.008294132,-3.271332
-1.496361,0.008255217,-3.268444
-1.497356,0.007860836,-3.26843
-1.495869,0.00782191,-3.265542
-1.496864,0.007427532,-3.265527
-1.495336,0.007408287,-3.262684
-1.496331,0.007013906,-3.26267
-1.494709,0.00703954,-3.259931
-1.495703,0.006645493,-3.259917
-1.494011,0.006704744,-3.257257
-1.495004,0.006311376,-3.257244
-1.493266,0.006392445,-3.254634
-1.494257,0.006000116,-3.254624
-1.492498,0.006091267,-3.252038
-1.493486,0.005700327,-3.252031
-1.491731,0.005789779,-3.249441
-1.492715,0.005400576,-3.249438
-1.490988,0.005476579,-3.246816
-1.491968,0.005089436,-3.246818
-1.490293,0.005140297,-3.244138
-1.491268,0.004755519,-3.244146
-1.48967,0.004769668,-3.241381
-1.49064,0.004387449,-3.241394
-1.489141,0.004354432,-3.23852
-1.490106,0.003974315,-3.238538
-1.488712,0.003890499,-3.235546
-1.489676,0.003511004,-3.235566
-1.504909,0.01752776,-3.299968
-1.504406,0.01835545,-3.302886
-1.505401,0.01796107,-3.302871
-1.503914,0.01792214,-3.299983
-1.504417,0.01709446,-3.297065
-1.503422,0.01748883,-3.29708
-1.503925,0.01666115,-3.294163
-1.50293,0.01705553,-3.294177
-1.503433,0.01622785,-3.29126
-1.502438,0.01662222,-3.291275
-1.502941,0.01579454,-3.288357
-1.501946,0.01618891,-3.288372
-1.502449,0.01536123,-3.285454
-1.501454,0.01575562,-3.285469
-1.501957,0.01492792,-3.282551
-1.500962,0.01532231,-3.282566
-1.501465,0.01449461,-3.279649
-1.50047,0.01488899,-3.279664
-1.500973,0.01406131,-3.276746
-1.499978,0.01445569,-3.276761
-1.500481,0.013628,-3.273843
-1.499485,0.01402239,-3.273858
-1.499989,0.0131947,-3.27094
-1.498993,0.01358908,-3.270955
-1.499496,0.01276139,-3.268038
-1.498501,0.01315577,-3.268052
-1.499004,0.01232808,-3.265135
-1.498009,0.01272247,-3.26515
-1.498496,0.01190262,-3.26225
-1.497501,0.01229708,-3.262265
-1.497899,0.01151972,-3.259464
-1.496904,0.01191403,-3.259479
-1.497224,0.01117375,-3.256764
-1.49623,0.01156757,-3.256778
-1.496496,0.01085331,-3.254123
-1.495504,0.01124629,-3.254134
-1.495739,0.01054697,-3.251514
-1.494749,0.01093877,-3.251523
-1.494976,0.01024335,-3.248912
-1.49399,0.01063365,-3.248917
-1.494231,0.00993108,-3.24629
-1.493249,0.01031956,-3.246291
-1.493528,0.00959884,-3.243621
-1.49255,0.009985249,-3.243618
-1.49289,0.009235572,-3.240881
-1.491916,0.009619813,-3.240872
-1.492337,0.008831348,-3.238045
-1.491367,0.009213667,-3.238032
-1.491881,0.008380774,-3.235103
-1.490914,0.008762013,-3.235087
-1.501017,0.01375893,-3.300358
-1.502265,0.01345484,-3.303277
-1.501509,0.01419223,-3.303261
-1.501773,0.01302154,-3.300375
-1.500525,0.01332562,-3.297456
-1.501281,0.01258823,-3.297472
-1.500033,0.01289232,-3.294553
-1.500789,0.01215493,-3.294569
-1.499541,0.01245903,-3.29165
-1.500297,0.01172163,-3.291666
-1.499049,0.01202573,-3.288747
-1.499805,0.01128833,-3.288764
-1.498557,0.01159242,-3.285845
-1.499313,0.01085503,-3.285861
-1.498065,0.01115913,-3.282942
-1.498821,0.01042173,-3.282958
-1.497573,0.01072583,-3.280039
-1.498329,0.009988423,-3.280055
-1.497081,0.01029252,-3.277136
-1.497837,0.009555127,-3.277153
-1.496588,0.009859223,-3.274234
-1.497345,0.009121824,-3.27425
-1.496096,0.009425923,-3.271331
-1.496853,0.008688517,-3.271347
-1.495604,0.008992616,-3.268428
-1.496361,0.008255217,-3.268444
-1.495112,0.008559309,-3.265525
-1.495869,0.00782191,-3.265542
-1.494581,0.008144598,-3.262666
-1.495336,0.007408287,-3.262684
-1.493957,0.007774483,-3.259909
-1.494709,0.00703954,-3.259931
-1.493263,0.007438172,-3.257231
-1.494011,0.006704744,-3.257257
-1.492521,0.007124264,-3.254606
-1.493266,0.006392445,-3.254634
-1.491757,0.006821346,-3.252005
-1.492498,0.006091267,-3.252038
-1.490993,0.00651801,-3.249403
-1.491731,0.005789779,-3.249441
-1.490255,0.006202877,-3.246774
-1.490988,0.005476579,-3.246816
-1.489564,0.005864639,-3.244092
-1.490293,0.005140297,-3.244138
-1.488945,0.005492184,-3.24133
-1.48967,0.004769668,-3.241381
-1.488417,0.005075917,-3.238467
-1.489141,0.004354432,-3.23852
-1.487989,0.004612293,-3.235494
-1.488712,0.003890499,-3.235546
-1.505666,0.01679037,-3.299984
-1.505401,0.01796107,-3.302871
-1.506158,0.01722368,-3.302887
-1.504909,0.01752776,-3.299968
-1.505174,0.01635706,-3.297081
-1.504417,0.01709446,-3.297065
-1.504681,0.01592375,-3.294178
-1.503925,0.01666115,-3.294163
-1.504189,0.01549044,-3.291276
-1.503433,0.01622785,-3.29126
-1.503697,0.01505714,-3.288373
-1.502941,0.01579454,-3.288357
-1.503205,0.01462383,-3.28547
-1.502449,0.01536123,-3.285454
-1.502713,0.01419052,-3.282568
-1.501957,0.01492792,-3.282551
-1.502221,0.01375722,-3.279665
-1.501465,0.01449461,-3.279649
-1.501729,0.0133239,-3.276762
-1.500973,0.01406131,-3.276746
-1.501237,0.0128906,-3.273859
-1.500481,0.013628,-3.273843
-1.500745,0.01245729,-3.270957
-1.499989,0.0131947,-3.27094
-1.500253,0.01202398,-3.268054
-1.499496,0.01276139,-3.268038
-1.499761,0.01159067,-3.265151
-1.499004,0.01232808,-3.265135
-1.499251,0.01116586,-3.262268
-1.498496,0.01190262,-3.26225
-1.498651,0.01078422,-3.259485
-1.497899,0.01151972,-3.259464
-1.497974,0.01043962,-3.256788
-1.497224,0.01117375,-3.256764
-1.497243,0.01012067,-3.25415
-1.496496,0.01085331,-3.254123
-1.496482,0.009815942,-3.251545
-1.495739,0.01054697,-3.251514
-1.495716,0.009514034,-3.248947
-1.494976,0.01024335,-3.248912
-1.494967,0.009203557,-3.246329
-1.494231,0.00993108,-3.24629
-1.49426,0.00887315,-3.243665
-1.493528,0.00959884,-3.243621
-1.493618,0.008511618,-3.240928
-1.49289,0.009235572,-3.240881
-1.493063,0.008108597,-3.238096
-1.492337,0.008831348,-3.238045
-1.492607,0.00765812,-3.235153
-1.491881,0.008380774,-3.235103
-1.477576,-0.007987423,-3.134479
-1.476817,-0.007253602,-3.134461
-1.477157,-0.007104138,-3.137195
-1.477918,-0.007833119,-3.137216
-1.477918,-0.007833119,-3.137216
-1.477157,-0.007104138,-3.137195
-1.477415,-0.007108016,-3.139838
-1.478179,-0.007831601,-3.139862
-1.478179,-0.007831601,-3.139862
-1.477415,-0.007108016,-3.139838
-1.477617,-0.007214576,-3.142419
-1.478384,-0.007932201,-3.142447
-1.477792,-0.007373152,-3.14497
-1.478562,-0.008084279,-3.145002
-1.477986,-0.007538084,-3.147502
-1.47876,-0.008242164,-3.147538
-1.47876,-0.008242164,-3.147538
-1.477986,-0.007538084,-3.147502
-1.478266,-0.007669115,-3.150009
-1.479044,-0.008365596,-3.15005
-1.479044,-0.008365596,-3.15005
-1.478266,-0.007669115,-3.150009
-1.478656,-0.007714106,-3.152526
-1.479437,-0.008402532,-3.152573
-1.479437,-0.008402532,-3.152573
-1.478656,-0.007714106,-3.152526
-1.479174,-0.007620975,-3.15509
-1.479958,-0.008301385,-3.155141
-1.479958,-0.008301385,-3.155141
-1.479174,-0.007620975,-3.15509
-1.479841,-0.007339453,-3.157734
-1.480626,-0.008014346,-3.15779
-1.480626,-0.008014346,-3.15779
-1.479841,-0.007339453,-3.157734
-1.480657,-0.006842542,-3.160485
-1.481439,-0.007518001,-3.160542
-1.481439,-0.007518001,-3.160542
-1.480657,-0.006842542,-3.160485
-1.48158,-0.00615504,-3.163345
-1.482358,-0.006833866,-3.163403
-1.482358,-0.006833866,-3.163403
-1.48158,-0.00615504,-3.163345
-1.482553,-0.005317826,-3.166315
-1.483324,-0.006001068,-3.166372
-1.483508,-0.004371636,-3.169399
-1.484274,-0.005060056,-3.169456
-1.484274,-0.005060056,-3.169456
-1.483508,-0.004371636,-3.169399
-1.484667,-0.003514025,-3.172266
-1.485404,-0.004196018,-3.172347
-1.485404,-0.004196018,-3.172347
-1.484667,-0.003514025,-3.172266
-1.486252,-0.002798153,-3.174719
-1.486964,-0.003468949,-3.174827
-1.486964,-0.003468949,-3.174827
-1.486252,-0.002798153,-3.174719
-1.488189,-0.00198858,-3.177029
-1.488876,-0.002647858,-3.177165
-1.490042,-0.001012573,-3.179553
-1.490703,-0.00166345,-3.179713
-1.490703,-0.00166345,-3.179713
-1.490042,-0.001012573,-3.179553
-1.491373,0.0001819916,-3.182626
-1.492022,-0.0004708339,-3.182793
-1.492022,-0.0004708339,-3.182793
-1.491373,0.0001819916,-3.182626
-1.492053,0.001560714,-3.1863
-1.492718,0.000897631,-3.186447
-1.492718,0.000897631,-3.186447
-1.492053,0.001560714,-3.1863
-1.492377,0.003129356,-3.190389
-1.493067,0.00245538,-3.190509
-1.492616,0.004680693,-3.194516
-1.493335,0.003994796,-3.194606
-1.493335,0.003994796,-3.194606
-1.492616,0.004680693,-3.194516
-1.493003,0.006005593,-3.198332
-1.493775,0.00533016,-3.198396
-1.493647,0.006933112,-3.201603
-1.494425,0.006214447,-3.201623
-1.494425,0.006214447,-3.201623
-1.493647,0.006933112,-3.201603
-1.494303,0.007493678,-3.204519
-1.495081,0.006772723,-3.204536
-1.495081,0.006772723,-3.204536
-1.494303,0.007493678,-3.204519
-1.494636,0.007806197,-3.207412
-1.495409,0.007081207,-3.207429
-1.495409,0.007081207,-3.207429
-1.494636,0.007806197,-3.207412
-1.494643,0.007926308,-3.210337
-1.495407,0.007199042,-3.210357
-1.495407,0.007199042,-3.210357
-1.494643,0.007926308,-3.210337
-1.494353,0.007928655,-3.213344
-1.49511,0.007199839,-3.213368
-1.49511,0.007199839,-3.213368
-1.494353,0.007928655,-3.213344
-1.493859,0.007858388,-3.216417
-1.494609,0.007128723,-3.216445
-1.493255,0.007759988,-3.219536
-1.493999,0.007030204,-3.219568
-1.492635,0.007677611,-3.222681
-1.493373,0.006948385,-3.222717
-1.492093,0.007655311,-3.225831
-1.492826,0.006927263,-3.225871
-1.492826,0.006927263,-3.225871
-1.492093,0.007655311,-3.225831
-1.491724,0.00773716,-3.228966
-1.492453,0.007010799,-3.22901
-1.492453,0.007010799,-3.22901
-1.491724,0.00773716,-3.228966
-1.491623,0.007966802,-3.232065
-1.492349,0.007242445,-3.232113
-1.492349,0.007242445,-3.232113
-1.491623,0.007966802,-3.232065
-1.491881,0.008380774,-3.235103
-1.492607,0.00765812,-3.235153
-1.472955,-0.01096614,-3.134886
-1.473712,-0.01170176,-3.134903
-1.474094,-0.01147498,-3.137683
-1.473334,-0.01074359,-3.137663
-1.473334,-0.01074359,-3.137663
-1.474094,-0.01147498,-3.137683
-1.474386,-0.01141484,-3.140364
-1.473624,-0.01068824,-3.140341
-1.473624,-0.01068824,-3.140341
-1.474386,-0.01141484,-3.140364
-1.474615,-0.01147075,-3.142975
-1.47385,-0.01074945,-3.14295
-1.47481,-0.01159208,-3.145548
-1.474042,-0.01087659,-3.145519
-1.475001,-0.01172932,-3.148108
-1.474229,-0.01102008,-3.148076
-1.475257,-0.01184287,-3.150648
-1.474482,-0.01114028,-3.150612
-1.474482,-0.01114028,-3.150612
-1.475257,-0.01184287,-3.150648
-1.475611,-0.01188419,-3.153192
-1.474832,-0.01118848,-3.153151
-1.474832,-0.01118848,-3.153151
-1.475611,-0.01188419,-3.153192
-1.476084,-0.01180328,-3.155774
-1.475302,-0.01111417,-3.155728
-1.475302,-0.01111417,-3.155728
-1.476084,-0.01180328,-3.155774
-1.476694,-0.01155569,-3.158423
-1.475911,-0.01087149,-3.158374
-1.475911,-0.01087149,-3.158374
-1.476694,-0.01155569,-3.158423
-1.477445,-0.01111525,-3.161162
-1.476663,-0.01043254,-3.161111
-1.476663,-0.01043254,-3.161111
-1.477445,-0.01111525,-3.161162
-1.478315,-0.01048941,-3.164
-1.477536,-0.009805109,-3.163948
-1.477536,-0.009805109,-3.163948
-1.478315,-0.01048941,-3.164
-1.479254,-0.009709623,-3.166937
-1.47848,-0.009022027,-3.166886
-1.480203,-0.008814549,-3.169977
-1.479434,-0.008122569,-3.169927
-1.481122,-0.007857928,-3.173095
-1.480364,-0.007163789,-3.17304
-1.480364,-0.007163789,-3.17304
-1.481122,-0.007857928,-3.173095
-1.482332,-0.007059582,-3.175872
-1.481596,-0.006372344,-3.175796
-1.481596,-0.006372344,-3.175796
-1.482332,-0.007059582,-3.175872
-1.483994,-0.006278472,-3.178336
-1.483278,-0.00560116,-3.178237
-1.483278,-0.00560116,-3.178237
-1.483994,-0.006278472,-3.178336
-1.485825,-0.005416686,-3.180766
-1.485129,-0.004747625,-3.180646
-1.485129,-0.004747625,-3.180646
-1.485825,-0.005416686,-3.180766
-1.487409,-0.004413772,-3.183492
-1.48673,-0.003748097,-3.183357
-1.48673,-0.003748097,-3.183357
-1.487409,-0.004413772,-3.183492
-1.488446,-0.003263373,-3.186716
-1.48777,-0.002594152,-3.186582
-1.48777,-0.002594152,-3.186582
-1.488446,-0.003263373,-3.186716
-1.489022,-0.001899742,-3.190444
-1.488331,-0.001225714,-3.190326
-1.488331,-0.001225714,-3.190326
-1.489022,-0.001899742,-3.190444
-1.489339,-0.0004364196,-3.194438
-1.488623,0.0002448857,-3.194341
-1.488623,0.0002448857,-3.194341
-1.489339,-0.0004364196,-3.194438
-1.489711,0.001009986,-3.198379
-1.488905,0.001638133,-3.198291
-1.488905,0.001638133,-3.198291
-1.489711,0.001009986,-3.198379
-1.490077,0.001989368,-3.201881
-1.489289,0.002677251,-3.201839
-1.490673,0.002613284,-3.204896
-1.489894,0.003333107,-3.204878
-1.489894,0.003333107,-3.204878
-1.490673,0.002613284,-3.204896
-1.491099,0.00299786,-3.207796
-1.490324,0.003720116,-3.207778
-1.490324,0.003720116,-3.207778
-1.491099,0.00299786,-3.207796
-1.491192,0.00320819,-3.21075
-1.490424,0.003931932,-3.210728
-1.490424,0.003931932,-3.210728
-1.491192,0.00320819,-3.21075
-1.490982,0.00329189,-3.213782
-1.490223,0.004017085,-3.213756
-1.490223,0.004017085,-3.213756
-1.490982,0.00329189,-3.213782
-1.490561,0.003287554,-3.216869
-1.489809,0.004013814,-3.21684
-1.490022,0.003237691,-3.219992
-1.489277,0.003964473,-3.219958
-1.489456,0.003186475,-3.22313
-1.488717,0.003913183,-3.223093
-1.488954,0.003179394,-3.226269
-1.48822,0.003905475,-3.226227
-1.48822,0.003905475,-3.226227
-1.488954,0.003179394,-3.226269
-1.488604,0.003263138,-3.229393
-1.487875,0.003988091,-3.229347
-1.487875,0.003988091,-3.229347
-1.488604,0.003263138,-3.229393
-1.488495,0.003485054,-3.23249
-1.487769,0.004208483,-3.23244
-1.487769,0.004208483,-3.23244
-1.488495,0.003485054,-3.23249
-1.488712,0.003890499,-3.235546
-1.487989,0.004612293,-3.235494
-1.476817,-0.007253602,-3.134461
-1.475823,-0.006857177,-3.134477
-1.476164,-0.006706785,-3.137212
-1.477157,-0.007104138,-3.137195
-1.477157,-0.007104138,-3.137195
-1.476164,-0.006706785,-3.137212
-1.476421,-0.006711315,-3.139854
-1.477415,-0.007108016,-3.139838
-1.477415,-0.007108016,-3.139838
-1.476421,-0.006711315,-3.139854
-1.476622,-0.006820094,-3.142434
-1.477617,-0.007214576,-3.142419
-1.476795,-0.006982442,-3.144983
-1.477792,-0.007373152,-3.14497
-1.476984,-0.007152321,-3.147513
-1.477986,-0.007538084,-3.147502
-1.477259,-0.00728973,-3.150018
-1.478266,-0.007669115,-3.150009
-1.478266,-0.007669115,-3.150009
-1.477259,-0.00728973,-3.150018
-1.477642,-0.007342638,-3.152532
-1.478656,-0.007714106,-3.152526
-1.478656,-0.007714106,-3.152526
-1.477642,-0.007342638,-3.152532
-1.478153,-0.007258821,-3.155091
-1.479174,-0.007620975,-3.15509
-1.479174,-0.007620975,-3.15509
-1.478153,-0.007258821,-3.155091
-1.478814,-0.006986376,-3.157731
-1.479841,-0.007339453,-3.157734
-1.479841,-0.007339453,-3.157734
-1.478814,-0.006986376,-3.157731
-1.479628,-0.006493226,-3.160479
-1.480657,-0.006842542,-3.160485
-1.480657,-0.006842542,-3.160485
-1.479628,-0.006493226,-3.160479
-1.480553,-0.005807005,-3.163337
-1.48158,-0.00615504,-3.163345
-1.48158,-0.00615504,-3.163345
-1.480553,-0.005807005,-3.163337
-1.481529,-0.004969699,-3.166305
-1.482553,-0.005317826,-3.166315
-1.48249,-0.004022159,-3.169387
-1.483508,-0.004371636,-3.169399
-1.483649,-0.003157798,-3.17226
-1.484667,-0.003514025,-3.172266
-1.484667,-0.003514025,-3.172266
-1.483649,-0.003157798,-3.17226
-1.48523,-0.002449429,-3.174708
-1.486252,-0.002798153,-3.174719
-1.486252,-0.002798153,-3.174719
-1.48523,-0.002449429,-3.174708
-1.487177,-0.001655862,-3.176997
-1.488189,-0.00198858,-3.177029
-1.489061,-0.0007004421,-3.179481
-1.490042,-0.001012573,-3.179553
-1.490042,-0.001012573,-3.179553
-1.489061,-0.0007004421,-3.179481
-1.490435,0.0004765093,-3.182508
-1.491373,0.0001819916,-3.182626
-1.491373,0.0001819916,-3.182626
-1.490435,0.0004765093,-3.182508
-1.491128,0.001847822,-3.186168
-1.492053,0.001560714,-3.1863
-1.491442,0.003413394,-3.19026
-1.492377,0.003129356,-3.190389
-1.491653,0.004973464,-3.194414
-1.492616,0.004680693,-3.194516
-1.491994,0.006315351,-3.198276
-1.493003,0.006005593,-3.198332
-1.492592,0.007273126,-3.201606
-1.493647,0.006933112,-3.201603
-1.493647,0.006933112,-3.201603
-1.492592,0.007273126,-3.201606
-1.493247,0.007841911,-3.20453
-1.494303,0.007493678,-3.204519
-1.494303,0.007493678,-3.204519
-1.493247,0.007841911,-3.20453
-1.493593,0.008164685,-3.207424
-1.494636,0.007806197,-3.207412
-1.494636,0.007806197,-3.207412
-1.493593,0.008164685,-3.207424
-1.493615,0.008294549,-3.210348
-1.494643,0.007926308,-3.210337
-1.494643,0.007926308,-3.210337
-1.493615,0.008294549,-3.210348
-1.49334,0.008304894,-3.213354
-1.494353,0.007928655,-3.213344
-1.494353,0.007928655,-3.213344
-1.49334,0.008304894,-3.213354
-1.492859,0.008240566,-3.216424
-1.493859,0.007858388,-3.216417
-1.492266,0.008145981,-3.219539
-1.493255,0.007759988,-3.219536
-1.491655,0.008065373,-3.222679
-1.492635,0.007677611,-3.222681
-1.491121,0.008043002,-3.225824
-1.492093,0.007655311,-3.225831
-1.492093,0.007655311,-3.225831
-1.491121,0.008043002,-3.225824
-1.490757,0.008123271,-3.228954
-1.491724,0.00773716,-3.228966
-1.491724,0.00773716,-3.228966
-1.490757,0.008123271,-3.228954
-1.490658,0.008350302,-3.23205
-1.491623,0.007966802,-3.232065
-1.491623,0.007966802,-3.232065
-1.490658,0.008350302,-3.23205
-1.490914,0.008762013,-3.235087
-1.491881,0.008380774,-3.235103
-1.473712,-0.01170176,-3.134903
-1.474707,-0.01209757,-3.134887
-1.475087,-0.01187255,-3.137666
-1.474094,-0.01147498,-3.137683
-1.474094,-0.01147498,-3.137683
-1.475087,-0.01187255,-3.137666
-1.475379,-0.01181263,-3.140347
-1.474386,-0.01141484,-3.140364
-1.474386,-0.01141484,-3.140364
-1.475379,-0.01181263,-3.140347
-1.475609,-0.0118672,-3.142959
-1.474615,-0.01147075,-3.142975
-1.475806,-0.01198569,-3.145534
-1.47481,-0.01159208,-3.145548
-1.475999,-0.01211878,-3.148096
-1.475001,-0.01172932,-3.148108
-1.47626,-0.01222709,-3.150637
-1.475257,-0.01184287,-3.150648
-1.475257,-0.01184287,-3.150648
-1.47626,-0.01222709,-3.150637
-1.47662,-0.0122619,-3.153183
-1.475611,-0.01188419,-3.153192
-1.475611,-0.01188419,-3.153192
-1.47662,-0.0122619,-3.153183
-1.477099,-0.01217364,-3.155768
-1.476084,-0.01180328,-3.155774
-1.476084,-0.01180328,-3.155774
-1.477099,-0.01217364,-3.155768
-1.477715,-0.0119189,-3.158421
-1.476694,-0.01155569,-3.158423
-1.476694,-0.01155569,-3.158423
-1.477715,-0.0119189,-3.158421
-1.47847,-0.01147318,-3.161163
-1.477445,-0.01111525,-3.161162
-1.477445,-0.01111525,-3.161162
-1.47847,-0.01147318,-3.161163
-1.479341,-0.01084442,-3.164002
-1.478315,-0.01048941,-3.164
-1.478315,-0.01048941,-3.164
-1.479341,-0.01084442,-3.164002
-1.480278,-0.0100636,-3.166941
-1.479254,-0.009709623,-3.166937
-1.481223,-0.009169012,-3.169984
-1.480203,-0.008814549,-3.169977
-1.48214,-0.008216325,-3.1731
-1.481122,-0.007857928,-3.173095
-1.483355,-0.00741967,-3.175872
-1.482332,-0.007059582,-3.175872
-1.482332,-0.007059582,-3.175872
-1.483355,-0.00741967,-3.175872
-1.485023,-0.006628394,-3.178342
-1.483994,-0.006278472,-3.178336
-1.483994,-0.006278472,-3.178336
-1.485023,-0.006628394,-3.178342
-1.486841,-0.005752463,-3.180793
-1.485825,-0.005416686,-3.180766
-1.485825,-0.005416686,-3.180766
-1.486841,-0.005752463,-3.180793
-1.488396,-0.004734812,-3.183552
-1.487409,-0.004413772,-3.183492
-1.487409,-0.004413772,-3.183492
-1.488396,-0.004734812,-3.183552
-1.489408,-0.003572693,-3.186803
-1.488446,-0.003263373,-3.186716
-1.488446,-0.003263373,-3.186716
-1.489408,-0.003572693,-3.186803
-1.489979,-0.002197638,-3.190546
-1.489022,-0.001899742,-3.190444
-1.490334,-0.0007072017,-3.19454
-1.489339,-0.0004364196,-3.194438
-1.489339,-0.0004364196,-3.194438
-1.490334,-0.0007072017,-3.19454
-1.490802,0.0007973351,-3.198473
-1.489711,0.001009986,-3.198379
-1.489711,0.001009986,-3.198379
-1.490802,0.0007973351,-3.198473
-1.491157,0.001698427,-3.201908
-1.490077,0.001989368,-3.201881
-1.490077,0.001989368,-3.201881
-1.491157,0.001698427,-3.201908
-1.491728,0.002263978,-3.204885
-1.490673,0.002613284,-3.204896
-1.490673,0.002613284,-3.204896
-1.491728,0.002263978,-3.204885
-1.492144,0.002641261,-3.207784
-1.491099,0.00299786,-3.207796
-1.491099,0.00299786,-3.207796
-1.492144,0.002641261,-3.207784
-1.492222,0.002843779,-3.21074
-1.491192,0.00320819,-3.21075
-1.491192,0.00320819,-3.21075
-1.492222,0.002843779,-3.21074
-1.491999,0.002920039,-3.213774
-1.490982,0.00329189,-3.213782
-1.490982,0.00329189,-3.213782
-1.491999,0.002920039,-3.213774
-1.491565,0.00290969,-3.216865
-1.490561,0.003287554,-3.216869
-1.491013,0.002855618,-3.219991
-1.490022,0.003237691,-3.219992
-1.490437,0.002802052,-3.223134
-1.489456,0.003186475,-3.22313
-1.489926,0.0027944,-3.226278
-1.488954,0.003179394,-3.226269
-1.488954,0.003179394,-3.226269
-1.489926,0.0027944,-3.226278
-1.48957,0.002879091,-3.229407
-1.488604,0.003263138,-3.229393
-1.488604,0.003263138,-3.229393
-1.48957,0.002879091,-3.229407
-1.489458,0.003103126,-3.232508
-1.488495,0.003485054,-3.23249
-1.488495,0.003485054,-3.23249
-1.489458,0.003103126,-3.232508
-1.489676,0.003511004,-3.235566
-1.488712,0.003890499,-3.235546
-1.475823,-0.006857177,-3.134477
-1.474745,-0.006858582,-3.134525
-1.475089,-0.006701456,-3.137264
-1.476164,-0.006706785,-3.137212
-1.476164,-0.006706785,-3.137212
-1.475089,-0.006701456,-3.137264
-1.475348,-0.006701589,-3.139909
-1.476421,-0.006711315,-3.139854
-1.476421,-0.006711315,-3.139854
-1.475348,-0.006701589,-3.139909
-1.475551,-0.006808313,-3.14249
-1.476622,-0.006820094,-3.142434
-1.475723,-0.006970963,-3.145038
-1.476795,-0.006982442,-3.144983
-1.475908,-0.00714273,-3.14757
-1.476984,-0.007152321,-3.147513
-1.476177,-0.007284045,-3.150075
-1.477259,-0.00728973,-3.150018
-1.477259,-0.00728973,-3.150018
-1.476177,-0.007284045,-3.150075
-1.476551,-0.00734316,-3.152589
-1.477642,-0.007342638,-3.152532
-1.477642,-0.007342638,-3.152532
-1.476551,-0.00734316,-3.152589
-1.477053,-0.007267883,-3.155146
-1.478153,-0.007258821,-3.155091
-1.478153,-0.007258821,-3.155091
-1.477053,-0.007267883,-3.155146
-1.477703,-0.007006014,-3.157783
-1.478814,-0.006986376,-3.157731
-1.478814,-0.006986376,-3.157731
-1.477703,-0.007006014,-3.157783
-1.47851,-0.006521128,-3.160528
-1.479628,-0.006493226,-3.160479
-1.479628,-0.006493226,-3.160479
-1.47851,-0.006521128,-3.160528
-1.479431,-0.00584111,-3.163382
-1.480553,-0.005807005,-3.163337
-1.480553,-0.005807005,-3.163337
-1.479431,-0.00584111,-3.163382
-1.480407,-0.005008319,-3.166346
-1.481529,-0.004969699,-3.166305
-1.481373,-0.004063673,-3.169422
-1.48249,-0.004022159,-3.169387
-1.482504,-0.003180575,-3.172331
-1.483649,-0.003157798,-3.17226
-1.484053,-0.002472758,-3.1748
-1.48523,-0.002449429,-3.174708
-1.48523,-0.002449429,-3.174708
-1.484053,-0.002472758,-3.1748
-1.485988,-0.001695752,-3.177081
-1.487177,-0.001655862,-3.176997
-1.487177,-0.001655862,-3.176997
-1.485988,-0.001695752,-3.177081
-1.487899,-0.0007680804,-3.179521
-1.489061,-0.0007004421,-3.179481
-1.489337,0.0003748946,-3.182475
-1.490435,0.0004765093,-3.182508
-1.490074,0.001719963,-3.18608
-1.491128,0.001847822,-3.186168
-1.4904,0.003266886,-3.190146
-1.491442,0.003413394,-3.19026
-1.490592,0.004828043,-3.194314
-1.491653,0.004973464,-3.194414
-1.490887,0.006189834,-3.198225
-1.491994,0.006315351,-3.198276
-1.491994,0.006315351,-3.198276
-1.490887,0.006189834,-3.198225
-1.491427,0.007180694,-3.201624
-1.492592,0.007273126,-3.201606
-1.492592,0.007273126,-3.201606
-1.491427,0.007180694,-3.201624
-1.492075,0.007765159,-3.204568
-1.493247,0.007841911,-3.20453
-1.493247,0.007841911,-3.20453
-1.492075,0.007765159,-3.204568
-1.492439,0.008101799,-3.207463
-1.493593,0.008164685,-3.207424
-1.493593,0.008164685,-3.207424
-1.492439,0.008101799,-3.207463
-1.492481,0.008246873,-3.210389
-1.493615,0.008294549,-3.210348
-1.493615,0.008294549,-3.210348
-1.492481,0.008246873,-3.210389
-1.492223,0.008270312,-3.213395
-1.49334,0.008304894,-3.213354
-1.491759,0.008216143,-3.216465
-1.492859,0.008240566,-3.216424
-1.49118,0.008128587,-3.219577
-1.492266,0.008145981,-3.219539
-1.490582,0.008051947,-3.222712
-1.491655,0.008065373,-3.222679
-1.490058,0.008030768,-3.225851
-1.491121,0.008043002,-3.225824
-1.491121,0.008043002,-3.225824
-1.490058,0.008030768,-3.225851
-1.4897,0.008109923,-3.228977
-1.490757,0.008123271,-3.228954
-1.490757,0.008123271,-3.228954
-1.4897,0.008109923,-3.228977
-1.489601,0.008334242,-3.232069
-1.490658,0.008350302,-3.23205
-1.474707,-0.01209757,-3.134887
-1.475787,-0.01209348,-3.134841
-1.476163,-0.01187578,-3.137615
-1.475087,-0.01187255,-3.137666
-1.475087,-0.01187255,-3.137666
-1.476163,-0.01187578,-3.137615
-1.476452,-0.01182085,-3.140293
-1.475379,-0.01181263,-3.140347
-1.475379,-0.01181263,-3.140347
-1.476452,-0.01182085,-3.140293
-1.476681,-0.01187807,-3.142904
-1.475609,-0.0118672,-3.142959
-1.476877,-0.0119969,-3.145478
-1.475806,-0.01198569,-3.145534
-1.477074,-0.01212844,-3.14804
-1.475999,-0.01211878,-3.148096
-1.477341,-0.01223349,-3.150581
-1.47626,-0.01222709,-3.150637
-1.477708,-0.01226292,-3.153127
-1.47662,-0.0122619,-3.153183
-1.47662,-0.0122619,-3.153183
-1.477708,-0.01226292,-3.153127
-1.478196,-0.01216736,-3.155713
-1.477099,-0.01217364,-3.155768
-1.477099,-0.01217364,-3.155768
-1.478196,-0.01216736,-3.155713
-1.47882,-0.01190412,-3.158368
-1.477715,-0.0119189,-3.158421
-1.477715,-0.0119189,-3.158421
-1.47882,-0.01190412,-3.158368
-1.479582,-0.01145019,-3.161113
-1.47847,-0.01147318,-3.161163
-1.47847,-0.01147318,-3.161163
-1.479582,-0.01145019,-3.161113
-1.480458,-0.01081468,-3.163956
-1.479341,-0.01084442,-3.164002
-1.479341,-0.01084442,-3.164002
-1.480458,-0.01081468,-3.163956
-1.481396,-0.01002885,-3.166899
-1.480278,-0.0100636,-3.166941
-1.482338,-0.009130981,-3.169947
-1.481223,-0.009169012,-3.169984
-1.483262,-0.008184357,-3.173052
-1.48214,-0.008216325,-3.1731
-1.48451,-0.007395869,-3.175795
-1.483355,-0.00741967,-3.175872
-1.486204,-0.006594654,-3.178257
-1.485023,-0.006628394,-3.178342
-1.488016,-0.005699709,-3.180731
-1.486841,-0.005752463,-3.180793
-1.489532,-0.004657688,-3.183537
-1.488396,-0.004734812,-3.183552
-1.490501,-0.003470343,-3.186841
-1.489408,-0.003572693,-3.186803
-1.491049,-0.002070757,-3.190622
-1.489979,-0.002197638,-3.190546
-1.491448,-0.000528587,-3.194636
-1.490334,-0.0007072017,-3.19454
-1.491991,0.001012243,-3.198554
-1.490802,0.0007973351,-3.198473
-1.490802,0.0007973351,-3.198473
-1.491991,0.001012243,-3.198554
-1.492345,0.00182591,-3.201907
-1.491157,0.001698427,-3.201908
-1.491157,0.001698427,-3.201908
-1.492345,0.00182591,-3.201907
-1.492897,0.002338264,-3.204846
-1.491728,0.002263978,-3.204885
-1.491728,0.002263978,-3.204885
-1.492897,0.002338264,-3.204846
-1.493297,0.002704136,-3.207745
-1.492144,0.002641261,-3.207784
-1.492144,0.002641261,-3.207784
-1.493297,0.002704136,-3.207745
-1.493357,0.00289334,-3.2107
-1.492222,0.002843779,-3.21074
-1.492222,0.002843779,-3.21074
-1.493357,0.00289334,-3.2107
-1.493116,0.00295721,-3.213734
-1.491999,0.002920039,-3.213774
-1.492666,0.002936825,-3.216826
-1.491565,0.00290969,-3.216865
-1.4921,0.002875555,-3.219955
-1.491013,0.002855618,-3.219991
-1.49151,0.002817709,-3.223103
-1.490437,0.002802052,-3.223134
-1.490989,0.002808496,-3.226252
-1.489926,0.0027944,-3.226278
-1.490626,0.002893943,-3.229386
-1.48957,0.002879091,-3.229407
-1.48957,0.002879091,-3.229407
-1.490626,0.002893943,-3.229386
-1.490512,0.003120471,-3.232491
-1.489458,0.003103126,-3.232508
-1.474745,-0.006858582,-3.134525
-1.473746,-0.007258186,-3.134597
-1.474096,-0.007089419,-3.137343
-1.475089,-0.006701456,-3.137264
-1.475089,-0.006701456,-3.137264
-1.474096,-0.007089419,-3.137343
-1.47436,-0.007080654,-3.139993
-1.475348,-0.006701589,-3.139909
-1.475348,-0.006701589,-3.139909
-1.47436,-0.007080654,-3.139993
-1.474566,-0.007181242,-3.142578
-1.475551,-0.006808313,-3.14249
-1.474741,-0.0073405,-3.145128
-1.475723,-0.006970963,-3.145038
-1.474922,-0.007510766,-3.147663
-1.475908,-0.00714273,-3.14757
-1.475184,-0.007652761,-3.150172
-1.476177,-0.007284045,-3.150075
-1.47555,-0.007715235,-3.152689
-1.476551,-0.00734316,-3.152589
-1.476551,-0.00734316,-3.152589
-1.47555,-0.007715235,-3.152689
-1.476041,-0.007646052,-3.155247
-1.477053,-0.007267883,-3.155146
-1.477053,-0.007267883,-3.155146
-1.476041,-0.007646052,-3.155247
-1.47668,-0.00739336,-3.157882
-1.477703,-0.007006014,-3.157783
-1.477703,-0.007006014,-3.157783
-1.47668,-0.00739336,-3.157882
-1.477475,-0.006920658,-3.160624
-1.47851,-0.006521128,-3.160528
-1.47851,-0.006521128,-3.160528
-1.477475,-0.006920658,-3.160624
-1.478388,-0.006251141,-3.163474
-1.479431,-0.00584111,-3.163382
-1.479431,-0.00584111,-3.163382
-1.478388,-0.006251141,-3.163474
-1.479361,-0.005426951,-3.166431
-1.480407,-0.005008319,-3.166346
-1.480407,-0.005008319,-3.166346
-1.479361,-0.005426951,-3.166431
-1.480328,-0.004489115,-3.169499
-1.481373,-0.004063673,-3.169422
-1.481412,-0.003580954,-3.172464
-1.482504,-0.003180575,-3.172331
-1.482504,-0.003180575,-3.172331
-1.481412,-0.003580954,-3.172464
-1.482905,-0.002864553,-3.174977
-1.484053,-0.002472758,-3.1748
-1.484805,-0.00210054,-3.177269
-1.485988,-0.001695752,-3.177081
-1.485988,-0.001695752,-3.177081
-1.484805,-0.00210054,-3.177269
-1.486729,-0.001201335,-3.179673
-1.487899,-0.0007680804,-3.179521
-1.487899,-0.0007680804,-3.179521
-1.486729,-0.001201335,-3.179673
-1.488232,-9.887852E-05,-3.182546
-1.489337,0.0003748946,-3.182475
-1.489337,0.0003748946,-3.182475
-1.488232,-9.887852E-05,-3.182546
-1.489043,0.001203038,-3.186062
-1.490074,0.001719963,-3.18608
-1.490074,0.001719963,-3.18608
-1.489043,0.001203038,-3.186062
-1.489403,0.002716664,-3.190075
-1.4904,0.003266886,-3.190146
-1.489592,0.004269186,-3.194236
-1.490592,0.004828043,-3.194314
-1.490592,0.004828043,-3.194314
-1.489592,0.004269186,-3.194236
-1.489847,0.005646035,-3.198188
-1.490887,0.006189834,-3.198225
-1.490887,0.006189834,-3.198225
-1.489847,0.005646035,-3.198188
-1.490332,0.006669454,-3.201654
-1.491427,0.007180694,-3.201624
-1.491427,0.007180694,-3.201624
-1.490332,0.006669454,-3.201654
-1.490965,0.007275451,-3.204628
-1.492075,0.007765159,-3.204568
-1.475787,-0.01209348,-3.134841
-1.476787,-0.0116907,-3.134771
-1.477157,-0.01148462,-3.137538
-1.476163,-0.01187578,-3.137615
-1.476163,-0.01187578,-3.137615
-1.477157,-0.01148462,-3.137538
-1.477442,-0.01143857,-3.140211
-1.476452,-0.01182085,-3.140293
-1.476452,-0.01182085,-3.140293
-1.477442,-0.01143857,-3.140211
-1.477668,-0.0115019,-3.142818
-1.476681,-0.01187807,-3.142904
-1.477862,-0.01162407,-3.14539
-1.476877,-0.0119969,-3.145478
-1.47806,-0.01175681,-3.14795
-1.477074,-0.01212844,-3.14804
-1.478334,-0.01186096,-3.150487
-1.477341,-0.01223349,-3.150581
-1.478709,-0.01188676,-3.153031
-1.477708,-0.01226292,-3.153127
-1.477708,-0.01226292,-3.153127
-1.478709,-0.01188676,-3.153031
-1.479206,-0.01178487,-3.155617
-1.478196,-0.01216736,-3.155713
-1.478196,-0.01216736,-3.155713
-1.479206,-0.01178487,-3.155617
-1.479841,-0.01151283,-3.158273
-1.47882,-0.01190412,-3.158368
-1.47882,-0.01190412,-3.158368
-1.479841,-0.01151283,-3.158273
-1.480614,-0.01104888,-3.161021
-1.479582,-0.01145019,-3.161113
-1.479582,-0.01145019,-3.161113
-1.480614,-0.01104888,-3.161021
-1.481496,-0.01040384,-3.163868
-1.480458,-0.01081468,-3.163956
-1.480458,-0.01081468,-3.163956
-1.481496,-0.01040384,-3.163868
-1.482438,-0.009609871,-3.166817
-1.481396,-0.01002885,-3.166899
-1.483378,-0.008705473,-3.169872
-1.482338,-0.009130981,-3.169947
-1.484322,-0.007768836,-3.172955
-1.483262,-0.008184357,-3.173052
-1.483262,-0.008184357,-3.173052
-1.484322,-0.007768836,-3.172955
-1.485626,-0.006992018,-3.17565
-1.48451,-0.007395869,-3.175795
-1.48451,-0.007395869,-3.175795
-1.485626,-0.006992018,-3.17565
-1.487361,-0.006181341,-3.178094
-1.486204,-0.006594654,-3.178257
-1.489169,-0.005263787,-3.180592
-1.488016,-0.005699709,-3.180731
-1.488016,-0.005699709,-3.180731
-1.489169,-0.005263787,-3.180592
-1.490639,-0.004190158,-3.183459
-1.489532,-0.004657688,-3.183537
-1.489532,-0.004657688,-3.183537
-1.490639,-0.004190158,-3.183459
-1.491551,-0.002967143,-3.186834
-1.490501,-0.003470343,-3.186841
-1.490501,-0.003470343,-3.186841
-1.491551,-0.002967143,-3.186834
-1.492065,-0.001534393,-3.190669
-1.491049,-0.002070757,-3.190622
-1.491049,-0.002070757,-3.190622
-1.492065,-0.001534393,-3.190669
-1.492485,5.123392E-05,-3.19471
-1.491448,-0.000528587,-3.194636
-1.493065,0.001585942,-3.198598
-1.491991,0.001012243,-3.198554
-1.491991,0.001012243,-3.198554
-1.493065,0.001585942,-3.198598
-1.493442,0.002332471,-3.201872
-1.492345,0.00182591,-3.201907
-1.473746,-0.007258186,-3.134597
-1.472978,-0.007995898,-3.134682
-1.473336,-0.007812345,-3.137437
-1.474096,-0.007089419,-3.137343
-1.473607,-0.007791556,-3.140094
-1.47436,-0.007080654,-3.139993
-1.473818,-0.007882852,-3.142684
-1.474566,-0.007181242,-3.142578
-1.473996,-0.008035574,-3.145239
-1.474741,-0.0073405,-3.145128
-1.474176,-0.008201251,-3.147779
-1.474922,-0.007510766,-3.147663
-1.474432,-0.008340687,-3.150294
-1.475184,-0.007652761,-3.150172
-1.47479,-0.008403271,-3.152815
-1.47555,-0.007715235,-3.152689
-1.475273,-0.008337038,-3.155377
-1.476041,-0.007646052,-3.155247
-1.4759,-0.008091243,-3.158013
-1.47668,-0.00739336,-3.157882
-1.476681,-0.007631458,-3.160751
-1.477475,-0.006920658,-3.160624
-1.477583,-0.00697485,-3.163596
-1.478388,-0.006251141,-3.163474
-1.47855,-0.006161937,-3.166547
-1.479361,-0.005426951,-3.166431
-1.479516,-0.005233752,-3.169607
-1.480328,-0.004489115,-3.169499
-1.480546,-0.004301701,-3.172629
-1.481412,-0.003580954,-3.172464
-1.481412,-0.003580954,-3.172464
-1.480546,-0.004301701,-3.172629
-1.481968,-0.003568303,-3.175205
-1.482905,-0.002864553,-3.174977
-1.482905,-0.002864553,-3.174977
-1.481968,-0.003568303,-3.175205
-1.483814,-0.002811024,-3.177526
-1.484805,-0.00210054,-3.177269
-1.484805,-0.00210054,-3.177269
-1.483814,-0.002811024,-3.177526
-1.485736,-0.001935644,-3.179909
-1.486729,-0.001201335,-3.179673
-1.486729,-0.001201335,-3.179673
-1.485736,-0.001935644,-3.179909
-1.487291,-0.0008727517,-3.182711
-1.488232,-9.887852E-05,-3.182546
-1.488232,-9.887852E-05,-3.182546
-1.487291,-0.0008727517,-3.182711
-1.488185,0.0003796108,-3.186125
-1.489043,0.001203038,-3.186062
-1.489043,0.001203038,-3.186062
-1.488185,0.0003796108,-3.186125
-1.488598,0.001850206,-3.190062
-1.489403,0.002716664,-3.190075
-1.489403,0.002716664,-3.190075
-1.488598,0.001850206,-3.190062
-1.488801,0.003384929,-3.194198
-1.489592,0.004269186,-3.194236
-1.489032,0.004768915,-3.198172
-1.489847,0.005646035,-3.198188
-1.489847,0.005646035,-3.198188
-1.489032,0.004768915,-3.198172
-1.489471,0.005818777,-3.201693
-1.490332,0.006669454,-3.201654
-1.490332,0.006669454,-3.201654
-1.489471,0.005818777,-3.201693
-1.490088,0.006447598,-3.204699
-1.490965,0.007275451,-3.204628
-1.490491,0.006813407,-3.207596
-1.49135,0.007627167,-3.207524
-1.49135,0.007627167,-3.207524
-1.490491,0.006813407,-3.207596
-1.490572,0.006994225,-3.21053
-1.491412,0.007790156,-3.210453
-1.491412,0.007790156,-3.210453
-1.490572,0.006994225,-3.21053
-1.490351,0.007050127,-3.213543
-1.491174,0.00782964,-3.213462
-1.48992,0.007022187,-3.216615
-1.490727,0.007788267,-3.216531
-1.489372,0.006953739,-3.219725
-1.490164,0.007709906,-3.219642
-1.4888,0.006889109,-3.222855
-1.48958,0.007638883,-3.222774
-1.488295,0.006873388,-3.225987
-1.489066,0.007620052,-3.225909
-1.487948,0.006952539,-3.229105
-1.488714,0.00769883,-3.22903
-1.487849,0.007172875,-3.232194
-1.488615,0.00792082,-3.23212
-1.488615,0.00792082,-3.23212
-1.487849,0.007172875,-3.232194
-1.488085,0.007577684,-3.235238
-1.488859,0.008327611,-3.235161
-1.488859,0.008327611,-3.235161
-1.488085,0.007577684,-3.235238
-1.488525,0.008035954,-3.238199
-1.489304,0.008783415,-3.238116
-1.489304,0.008783415,-3.238116
-1.488525,0.008035954,-3.238199
-1.489059,0.008449279,-3.241055
-1.489842,0.009194415,-3.240967
-1.489842,0.009194415,-3.240967
-1.489059,0.008449279,-3.241055
-1.489679,0.008821182,-3.243815
-1.490466,0.009564474,-3.243723
-1.490367,0.009160537,-3.2465
-1.491157,0.009902585,-3.246405
-1.491101,0.00947804,-3.249135
-1.491893,0.01021948,-3.249038
-1.491857,0.00978487,-3.251744
-1.492649,0.01052632,-3.251648
-1.492612,0.01009235,-3.254355
-1.493402,0.01083443,-3.25426
-1.493342,0.01041185,-3.256994
-1.494129,0.01115518,-3.256902
-1.494023,0.01075478,-3.259688
-1.494806,0.01149997,-3.2596
-1.494806,0.01149997,-3.2596
-1.494023,0.01075478,-3.259688
-1.494631,0.01113251,-3.262462
-1.495409,0.01188021,-3.262379
-1.476787,-0.0116907,-3.134771
-1.477556,-0.01095119,-3.134687
-1.477919,-0.01075929,-3.137446
-1.477157,-0.01148462,-3.137538
-1.478197,-0.01072464,-3.140111
-1.477442,-0.01143857,-3.140211
-1.478418,-0.01079661,-3.142714
-1.477668,-0.0115019,-3.142818
-1.478609,-0.01092464,-3.145282
-1.477862,-0.01162407,-3.14539
-1.478809,-0.01106116,-3.147837
-1.47806,-0.01175681,-3.14795
-1.479088,-0.01116693,-3.150369
-1.478334,-0.01186096,-3.150487
-1.479471,-0.01119145,-3.15291
-1.478709,-0.01188676,-3.153031
-1.479978,-0.01108512,-3.155493
-1.479206,-0.01178487,-3.155617
-1.480624,-0.01080519,-3.15815
-1.479841,-0.01151283,-3.158273
-1.481408,-0.01033069,-3.1609
-1.480614,-0.01104888,-3.161021
-1.4823,-0.009674631,-3.163752
-1.481496,-0.01040384,-3.163868
-1.483247,-0.008870516,-3.166707
-1.482438,-0.009609871,-3.166817
-1.484186,-0.007957293,-3.169771
-1.483378,-0.008705473,-3.169872
-1.485166,-0.007035933,-3.172815
-1.484322,-0.007768836,-3.172955
-1.484322,-0.007768836,-3.172955
-1.485166,-0.007035933,-3.172815
-1.486538,-0.006271802,-3.175453
-1.485626,-0.006992018,-3.17565
-1.485626,-0.006992018,-3.17565
-1.486538,-0.006271802,-3.175453
-1.488321,-0.005452788,-3.177874
-1.487361,-0.006181341,-3.178094
-1.490128,-0.004511202,-3.180395
-1.489169,-0.005263787,-3.180592
-1.489169,-0.005263787,-3.180592
-1.490128,-0.004511202,-3.180395
-1.491547,-0.003402028,-3.18333
-1.490639,-0.004190158,-3.183459
-1.490639,-0.004190158,-3.183459
-1.491547,-0.003402028,-3.18333
-1.492397,-0.002137374,-3.186785
-1.491551,-0.002967143,-3.186834
-1.491551,-0.002967143,-3.186834
-1.492397,-0.002137374,-3.186785
-1.492868,-0.000667911,-3.190682
-1.492065,-0.001534393,-3.190669
-1.493273,0.0009274073,-3.194743
-1.492485,5.123392E-05,-3.19471
-1.492485,5.123392E-05,-3.19471
-1.493273,0.0009274073,-3.194743
-1.49384,0.00240716,-3.198587
-1.493065,0.001585942,-3.198598
-1.493065,0.001585942,-3.198598
-1.49384,0.00240716,-3.198587
-1.494282,0.003142439,-3.201808
-1.493442,0.002332471,-3.201872
-1.493442,0.002332471,-3.201872
-1.494282,0.003142439,-3.201808
-1.494878,0.003651462,-3.204715
-1.494003,0.002825245,-3.204787
-1.495241,0.003987834,-3.207611
-1.494385,0.003176846,-3.207684
-1.494385,0.003176846,-3.207684
-1.495241,0.003987834,-3.207611
-1.495263,0.004141308,-3.210557
-1.494425,0.003348906,-3.210636
-1.494425,0.003348906,-3.210636
-1.495263,0.004141308,-3.210557
-1.494985,0.004173044,-3.213585
-1.494165,0.003397163,-3.213668
-1.494502,0.004126903,-3.216674
-1.493697,0.003364217,-3.216759
-1.493906,0.00404707,-3.219805
-1.493115,0.003293909,-3.21989
-1.493291,0.003977846,-3.222958
-1.492512,0.003230572,-3.223041
-1.492751,0.003963828,-3.226115
-1.491981,0.003219143,-3.226195
-1.492378,0.00404999,-3.229257
-1.491612,0.003305119,-3.229333
-1.492265,0.004281182,-3.232366
-1.491498,0.003534179,-3.232441
-1.491498,0.003534179,-3.232441
-1.492265,0.004281182,-3.232366
-1.492502,0.004696667,-3.235418
-1.491727,0.003947619,-3.235497
-1.491727,0.003947619,-3.235497
-1.492502,0.004696667,-3.235418
-1.492946,0.005153012,-3.238374
-1.492164,0.004406974,-3.238461
-1.492164,0.004406974,-3.238461
-1.492946,0.005153012,-3.238374
-1.493497,0.005557876,-3.241211
-1.492711,0.004814234,-3.241303
-1.492711,0.004814234,-3.241303
-1.493497,0.005557876,-3.241211
-1.494141,0.005918924,-3.243947
-1.49335,0.005177006,-3.244042
-1.494851,0.006247528,-3.246607
-1.494059,0.005506702,-3.246705
-1.495606,0.006555106,-3.249218
-1.494812,0.005814757,-3.249317
-1.496381,0.006853059,-3.251807
-1.495587,0.006112572,-3.251906
-1.497151,0.007152829,-3.2544
-1.49636,0.006411582,-3.254498
-1.497895,0.00746581,-3.257024
-1.497106,0.006723199,-3.257118
-1.498587,0.007803444,-3.259705
-1.497802,0.00705881,-3.259795
-1.497802,0.00705881,-3.259795
-1.498587,0.007803444,-3.259705
-1.499203,0.008177124,-3.26247
-1.498424,0.007429887,-3.262553
-1.472978,-0.007995898,-3.134682
-1.472558,-0.008959822,-3.134767
-1.472924,-0.008760739,-3.13753
-1.473336,-0.007812345,-3.137437
-1.473202,-0.008726742,-3.140195
-1.473607,-0.007791556,-3.140094
-1.473419,-0.008807167,-3.142793
-1.473818,-0.007882852,-3.142684
-1.473601,-0.008951358,-3.145352
-1.473996,-0.008035574,-3.145239
-1.473783,-0.009110235,-3.147898
-1.474176,-0.008201251,-3.147779
-1.474035,-0.009244472,-3.15042
-1.474432,-0.008340687,-3.150294
-1.474388,-0.009304211,-3.152947
-1.47479,-0.008403271,-3.152815
-1.474863,-0.009237835,-3.155514
-1.475273,-0.008337038,-3.155377
-1.475481,-0.008996202,-3.158153
-1.4759,-0.008091243,-3.158013
-1.476249,-0.008547239,-3.160889
-1.476681,-0.007631458,-3.160751
-1.477139,-0.007903362,-3.16373
-1.477583,-0.00697485,-3.163596
-1.478098,-0.007102391,-3.166675
-1.47855,-0.006161937,-3.166547
-1.479061,-0.006185008,-3.169726
-1.479516,-0.005233752,-3.169607
-1.480045,-0.005236007,-3.172795
-1.480546,-0.004301701,-3.172629
-1.480546,-0.004301701,-3.172629
-1.480045,-0.005236007,-3.172795
-1.481392,-0.004480932,-3.175441
-1.481968,-0.003568303,-3.175205
-1.481968,-0.003568303,-3.175205
-1.481392,-0.004480932,-3.175441
-1.483175,-0.003723662,-3.177803
-1.483814,-0.002811024,-3.177526
-1.485079,-0.002864232,-3.180183
-1.485736,-0.001935644,-3.179909
-1.485736,-0.001935644,-3.179909
-1.485079,-0.002864232,-3.180183
-1.486668,-0.001833968,-3.182931
-1.487291,-0.0008727517,-3.182711
-1.487291,-0.0008727517,-3.182711
-1.486668,-0.001833968,-3.182931
-1.487635,-0.0006267875,-3.186255
-1.488185,0.0003796108,-3.186125
-1.488185,0.0003796108,-3.186125
-1.487635,-0.0006267875,-3.186255
-1.488107,0.0007996224,-3.190111
-1.488598,0.001850206,-3.190062
-1.488598,0.001850206,-3.190062
-1.488107,0.0007996224,-3.190111
-1.488337,0.002311103,-3.194207
-1.488801,0.003384929,-3.194198
-1.488562,0.003693894,-3.198184
-1.489032,0.004768915,-3.198172
-1.489032,0.004768915,-3.198172
-1.488562,0.003693894,-3.198184
-1.488972,0.004760478,-3.20174
-1.489471,0.005818777,-3.201693
-1.489471,0.005818777,-3.201693
-1.488972,0.004760478,-3.20174
-1.489576,0.005407806,-3.204772
-1.490088,0.006447598,-3.204699
-1.489994,0.005784918,-3.20767
-1.490491,0.006813407,-3.207596
-1.490491,0.006813407,-3.207596
-1.489994,0.005784918,-3.20767
-1.490089,0.005981013,-3.210609
-1.490572,0.006994225,-3.21053
-1.490572,0.006994225,-3.21053
-1.490089,0.005981013,-3.210609
-1.489881,0.006051265,-3.213627
-1.490351,0.007050127,-3.213543
-1.490351,0.007050127,-3.213543
-1.489881,0.006051265,-3.213627
-1.489462,0.006035261,-3.216702
-1.48992,0.007022187,-3.216615
-1.488925,0.005975861,-3.219814
-1.489372,0.006953739,-3.219725
-1.488362,0.005917292,-3.222944
-1.4888,0.006889109,-3.222855
-1.487864,0.005904887,-3.226074
-1.488295,0.006873388,-3.225987
-1.488295,0.006873388,-3.225987
-1.487864,0.005904887,-3.226074
-1.48752,0.005984988,-3.229191
-1.487948,0.006952539,-3.229105
-1.487948,0.006952539,-3.229105
-1.48752,0.005984988,-3.229191
-1.487419,0.006204519,-3.232281
-1.487849,0.007172875,-3.232194
-1.487849,0.007172875,-3.232194
-1.487419,0.006204519,-3.232281
-1.487648,0.006608054,-3.235328
-1.488085,0.007577684,-3.235238
-1.488085,0.007577684,-3.235238
-1.487648,0.006608054,-3.235328
-1.488084,0.007068627,-3.238294
-1.488525,0.008035954,-3.238199
-1.488525,0.008035954,-3.238199
-1.488084,0.007068627,-3.238294
-1.488614,0.007483795,-3.241154
-1.489059,0.008449279,-3.241055
-1.489059,0.008449279,-3.241055
-1.488614,0.007483795,-3.241154
-1.489231,0.007856835,-3.243917
-1.489679,0.008821182,-3.243815
-1.489679,0.008821182,-3.243815
-1.489231,0.007856835,-3.243917
-1.489919,0.008196685,-3.246604
-1.490367,0.009160537,-3.2465
-1.490653,0.008514114,-3.249238
-1.491101,0.00947804,-3.249135
-1.49141,0.008820303,-3.251846
-1.491857,0.00978487,-3.251744
-1.492168,0.009126607,-3.254454
-1.492612,0.01009235,-3.254355
-1.492901,0.009444401,-3.257089
-1.493342,0.01041185,-3.256994
-1.493586,0.009785082,-3.259778
-1.494023,0.01075478,-3.259688
-1.494023,0.01075478,-3.259688
-1.493586,0.009785082,-3.259778
-1.4942,0.01016006,-3.262545
-1.494631,0.01113251,-3.262462
-1.477556,-0.01095119,-3.134687
-1.477976,-0.00998788,-3.134602
-1.47833,-0.009810682,-3.137352
-1.477919,-0.01075929,-3.137446
-1.478602,-0.009788387,-3.14001
-1.478197,-0.01072464,-3.140111
-1.478818,-0.009870345,-3.142607
-1.478418,-0.01079661,-3.142714
-1.479005,-0.01000596,-3.145171
-1.478609,-0.01092464,-3.145282
-1.479205,-0.01014848,-3.14772
-1.478809,-0.01106116,-3.147837
-1.479489,-0.01025832,-3.150245
-1.479088,-0.01116693,-3.150369
-1.479878,-0.0102843,-3.152781
-1.479471,-0.01119145,-3.15291
-1.480393,-0.01017629,-3.15536
-1.479978,-0.01108512,-3.155493
-1.481049,-0.009890553,-3.158015
-1.480624,-0.01080519,-3.15815
-1.481845,-0.009406323,-3.160767
-1.481408,-0.01033069,-3.1609
-1.482746,-0.008739144,-3.163623
-1.4823,-0.009674631,-3.163752
-1.483699,-0.007924233,-3.166584
-1.483247,-0.008870516,-3.166707
-1.48464,-0.00700105,-3.169657
-1.484186,-0.007957293,-3.169771
-1.485668,-0.006099554,-3.172651
-1.485166,-0.007035933,-3.172815
-1.485166,-0.007035933,-3.172815
-1.485668,-0.006099554,-3.172651
-1.487114,-0.005347911,-3.175229
-1.486538,-0.006271802,-3.175453
-1.486538,-0.006271802,-3.175453
-1.487114,-0.005347911,-3.175229
-1.488945,-0.004523113,-3.177624
-1.488321,-0.005452788,-3.177874
-1.488321,-0.005452788,-3.177874
-1.488945,-0.004523113,-3.177624
-1.490752,-0.00355942,-3.180166
-1.490128,-0.004511202,-3.180395
-1.490128,-0.004511202,-3.180395
-1.490752,-0.00355942,-3.180166
-1.492122,-0.002415052,-3.183165
-1.491547,-0.003402028,-3.18333
-1.491547,-0.003402028,-3.18333
-1.492122,-0.002415052,-3.183165
-1.49291,-0.001108369,-3.186701
-1.492397,-0.002137374,-3.186785
-1.492397,-0.002137374,-3.186785
-1.49291,-0.001108369,-3.186701
-1.493338,0.0003966801,-3.190661
-1.492868,-0.000667911,-3.190682
-1.493698,0.00197088,-3.19473
-1.493273,0.0009274073,-3.194743
-1.493273,0.0009274073,-3.194743
-1.493698,0.00197088,-3.19473
-1.494231,0.003386229,-3.198536
-1.49384,0.00240716,-3.198587
-1.49384,0.00240716,-3.198587
-1.494231,0.003386229,-3.198536
-1.494756,0.004153267,-3.201733
-1.494282,0.003142439,-3.201808
-1.494282,0.003142439,-3.201808
-1.494756,0.004153267,-3.201733
-1.495391,0.004691903,-3.204642
-1.494878,0.003651462,-3.204715
-1.494878,0.003651462,-3.204715
-1.495391,0.004691903,-3.204642
-1.495736,0.005014356,-3.207536
-1.495241,0.003987834,-3.207611
-1.495241,0.003987834,-3.207611
-1.495736,0.005014356,-3.207536
-1.495743,0.005150713,-3.210476
-1.495263,0.004141308,-3.210557
-1.495263,0.004141308,-3.210557
-1.495743,0.005150713,-3.210476
-1.495452,0.00516754,-3.213498
-1.494985,0.004173044,-3.213585
-1.494985,0.004173044,-3.213585
-1.495452,0.00516754,-3.213498
-1.494957,0.005109519,-3.216584
-1.494502,0.004126903,-3.216674
-1.494351,0.005021047,-3.219713
-1.493906,0.00404707,-3.219805
-1.493728,0.00494631,-3.222867
-1.493291,0.003977846,-3.222958
-1.493182,0.004929643,-3.226025
-1.492751,0.003963828,-3.226115
-1.492751,0.003963828,-3.226115
-1.493182,0.004929643,-3.226025
-1.492806,0.005015496,-3.229168
-1.492378,0.00404999,-3.229257
-1.492378,0.00404999,-3.229257
-1.492806,0.005015496,-3.229168
-1.492696,0.00524798,-3.232276
-1.492265,0.004281182,-3.232366
-1.492265,0.004281182,-3.232366
-1.492696,0.00524798,-3.232276
-1.492942,0.005664539,-3.235324
-1.492502,0.004696667,-3.235418
-1.492502,0.004696667,-3.235418
-1.492942,0.005664539,-3.235324
-1.493392,0.006118059,-3.238274
-1.492946,0.005153012,-3.238374
-1.492946,0.005153012,-3.238374
-1.493392,0.006118059,-3.238274
-1.493947,0.00652137,-3.241107
-1.493497,0.005557876,-3.241211
-1.493497,0.005557876,-3.241211
-1.493947,0.00652137,-3.241107
-1.494591,0.006881658,-3.243841
-1.494141,0.005918924,-3.243947
-1.494141,0.005918924,-3.243947
-1.494591,0.006881658,-3.243841
-1.495303,0.007210057,-3.2465
-1.494851,0.006247528,-3.246607
-1.496057,0.00751796,-3.249113
-1.495606,0.006555106,-3.249218
-1.49683,0.007816784,-3.251704
-1.496381,0.006853059,-3.251807
-1.497598,0.008117933,-3.2543
-1.497151,0.007152829,-3.2544
-1.498337,0.008432828,-3.256928
-1.497895,0.00746581,-3.257024
-1.499024,0.008772884,-3.259615
-1.498587,0.007803444,-3.259705
-1.498587,0.007803444,-3.259705
-1.499024,0.008772884,-3.259615
-1.499634,0.009149529,-3.262386
-1.499203,0.008177124,-3.26247
-1.472558,-0.008959822,-3.134767
-1.47255,-0.01000305,-3.134838
-1.472924,-0.009790227,-3.13761
-1.472924,-0.008760739,-3.13753
-1.473208,-0.009744056,-3.140282
-1.473202,-0.008726742,-3.140195
-1.47343,-0.009813868,-3.142886
-1.473419,-0.008807167,-3.142793
-1.473618,-0.009949032,-3.14545
-1.473601,-0.008951358,-3.145352
-1.473801,-0.0101001,-3.148002
-1.473783,-0.009110235,-3.147898
-1.474053,-0.01022754,-3.150532
-1.474035,-0.009244472,-3.15042
-1.474035,-0.009244472,-3.15042
-1.474053,-0.01022754,-3.150532
-1.474403,-0.01028218,-3.153065
-1.474388,-0.009304211,-3.152947
-1.474388,-0.009304211,-3.152947
-1.474403,-0.01028218,-3.153065
-1.474874,-0.01021293,-3.155638
-1.474863,-0.009237835,-3.155514
-1.474863,-0.009237835,-3.155514
-1.474874,-0.01021293,-3.155638
-1.475485,-0.009972351,-3.15828
-1.475481,-0.008996202,-3.158153
-1.475481,-0.008996202,-3.158153
-1.475485,-0.009972351,-3.15828
-1.476243,-0.009530557,-3.161016
-1.476249,-0.008547239,-3.160889
-1.477123,-0.008896906,-3.163854
-1.477139,-0.007903362,-3.16373
-1.478073,-0.008106438,-3.166794
-1.478098,-0.007102391,-3.166675
-1.479032,-0.007199174,-3.169839
-1.479061,-0.006185008,-3.169726
-1.479983,-0.00624189,-3.172937
-1.480045,-0.005236007,-3.172795
-1.480045,-0.005236007,-3.172795
-1.479983,-0.00624189,-3.172937
-1.481263,-0.005465819,-3.175647
-1.481392,-0.004480932,-3.175441
-1.481392,-0.004480932,-3.175441
-1.481263,-0.005465819,-3.175647
-1.482988,-0.004703216,-3.178052
-1.483175,-0.003723662,-3.177803
-1.483175,-0.003723662,-3.177803
-1.482988,-0.004703216,-3.178052
-1.484865,-0.003850864,-3.180443
-1.485079,-0.002864232,-3.180183
-1.485079,-0.002864232,-3.180183
-1.484865,-0.003850864,-3.180443
-1.486469,-0.002842259,-3.18316
-1.486668,-0.001833968,-3.182931
-1.486668,-0.001833968,-3.182931
-1.486469,-0.002842259,-3.18316
-1.487486,-0.001669032,-3.186419
-1.487635,-0.0006267875,-3.186255
-1.487635,-0.0006267875,-3.186255
-1.487486,-0.001669032,-3.186419
-1.488011,-0.00027881,-3.190207
-1.488107,0.0007996224,-3.190111
-1.488107,0.0007996224,-3.190111
-1.488011,-0.00027881,-3.190207
-1.488273,0.001209553,-3.194259
-1.488337,0.002311103,-3.194207
-1.488509,0.002586577,-3.198224
-1.488562,0.003693894,-3.198184
-1.488562,0.003693894,-3.198184
-1.488509,0.002586577,-3.198224
-1.488909,0.003657106,-3.201791
-1.488972,0.004760478,-3.20174
-1.488972,0.004760478,-3.20174
-1.488909,0.003657106,-3.201791
-1.489508,0.004314255,-3.204835
-1.489576,0.005407806,-3.204772
-1.489576,0.005407806,-3.204772
-1.489508,0.004314255,-3.204835
-1.489935,0.004698675,-3.207734
-1.489994,0.005784918,-3.20767
-1.489994,0.005784918,-3.20767
-1.489935,0.004698675,-3.207734
-1.490037,0.004905537,-3.210679
-1.490089,0.005981013,-3.210609
-1.490089,0.005981013,-3.210609
-1.490037,0.004905537,-3.210679
-1.489836,0.004986003,-3.213702
-1.489881,0.006051265,-3.213627
-1.489881,0.006051265,-3.213627
-1.489836,0.004986003,-3.213702
-1.489423,0.004978657,-3.216781
-1.489462,0.006035261,-3.216702
-1.489462,0.006035261,-3.216702
-1.489423,0.004978657,-3.216781
-1.488892,0.004925966,-3.219896
-1.488925,0.005975861,-3.219814
-1.488333,0.004872113,-3.223027
-1.488362,0.005917292,-3.222944
-1.487837,0.004862543,-3.226158
-1.487864,0.005904887,-3.226074
-1.487864,0.005904887,-3.226074
-1.487837,0.004862543,-3.226158
-1.487495,0.004943881,-3.229276
-1.48752,0.005984988,-3.229191
-1.48752,0.005984988,-3.229191
-1.487495,0.004943881,-3.229276
-1.487391,0.005163457,-3.232367
-1.487419,0.006204519,-3.232281
-1.487419,0.006204519,-3.232281
-1.487391,0.005163457,-3.232367
-1.487615,0.005566623,-3.235417
-1.487648,0.006608054,-3.235328
-1.487648,0.006608054,-3.235328
-1.487615,0.005566623,-3.235417
-1.488046,0.006029069,-3.238388
-1.488084,0.007068627,-3.238294
-1.488084,0.007068627,-3.238294
-1.488046,0.006029069,-3.238388
-1.488574,0.006445285,-3.241251
-1.488614,0.007483795,-3.241154
-1.488614,0.007483795,-3.241154
-1.488574,0.006445285,-3.241251
-1.489191,0.006818548,-3.244015
-1.489231,0.007856835,-3.243917
-1.489231,0.007856835,-3.243917
-1.489191,0.006818548,-3.244015
-1.489879,0.007158037,-3.2467
-1.489919,0.008196685,-3.246604
-1.490615,0.007474639,-3.249332
-1.490653,0.008514114,-3.249238
-1.491375,0.007779624,-3.251937
-1.49141,0.008820303,-3.251846
-1.492136,0.008084342,-3.254542
-1.492168,0.009126607,-3.254454
-1.492873,0.008400176,-3.257173
-1.492901,0.009444401,-3.257089
-1.493563,0.008738544,-3.259855
-1.493586,0.009785082,-3.259778
-1.493586,0.009785082,-3.259778
-1.493563,0.008738544,-3.259855
-1.494183,0.009110861,-3.262617
-1.4942,0.01016006,-3.262545
-1.477983,-0.008947335,-3.134529
-1.477576,-0.007987423,-3.134479
-1.477918,-0.007833119,-3.137216
-1.47833,-0.008783296,-3.137271
-1.47833,-0.008783296,-3.137271
-1.477918,-0.007833119,-3.137216
-1.478179,-0.007831601,-3.139862
-1.478596,-0.00877258,-3.139923
-1.478596,-0.00877258,-3.139923
-1.478179,-0.007831601,-3.139862
-1.478384,-0.007932201,-3.142447
-1.478806,-0.008864539,-3.142513
-1.478562,-0.008084279,-3.145002
-1.478988,-0.009008562,-3.145072
-1.47876,-0.008242164,-3.147538
-1.479188,-0.009158559,-3.147615
-1.479188,-0.009158559,-3.147615
-1.47876,-0.008242164,-3.147538
-1.479044,-0.008365596,-3.15005
-1.479473,-0.009274524,-3.150133
-1.479473,-0.009274524,-3.150133
-1.479044,-0.008365596,-3.15005
-1.479437,-0.008402532,-3.152573
-1.479866,-0.009304792,-3.152662
-1.479866,-0.009304792,-3.152662
-1.479437,-0.008402532,-3.152573
-1.479958,-0.008301385,-3.155141
-1.480386,-0.009198468,-3.155237
-1.480386,-0.009198468,-3.155237
-1.479958,-0.008301385,-3.155141
-1.480626,-0.008014346,-3.15779
-1.48105,-0.008910099,-3.157889
-1.48105,-0.008910099,-3.157889
-1.480626,-0.008014346,-3.15779
-1.481439,-0.007518001,-3.160542
-1.481856,-0.008418236,-3.160642
-1.481856,-0.008418236,-3.160642
-1.481439,-0.007518001,-3.160542
-1.482358,-0.006833866,-3.163403
-1.482767,-0.007741256,-3.1635
-1.483324,-0.006001068,-3.166372
-1.483727,-0.006916298,-3.166467
-1.484274,-0.005060056,-3.169456
-1.484671,-0.005983394,-3.169546
-1.484671,-0.005983394,-3.169546
-1.484274,-0.005060056,-3.169456
-1.485404,-0.004196018,-3.172347
-1.485753,-0.005102854,-3.172485
-1.485753,-0.005102854,-3.172485
-1.485404,-0.004196018,-3.172347
-1.486964,-0.003468949,-3.174827
-1.487264,-0.004363522,-3.175009
-1.487264,-0.004363522,-3.175009
-1.486964,-0.003468949,-3.174827
-1.488876,-0.002647858,-3.177165
-1.48914,-0.003537444,-3.177375
-1.48914,-0.003537444,-3.177375
-1.488876,-0.002647858,-3.177165
-1.490703,-0.00166345,-3.179713
-1.490952,-0.002558004,-3.179929
-1.490952,-0.002558004,-3.179929
-1.490703,-0.00166345,-3.179713
-1.492022,-0.0004708339,-3.182793
-1.492286,-0.001383921,-3.18298
-1.492286,-0.001383921,-3.18298
-1.492022,-0.0004708339,-3.182793
-1.492718,0.000897631,-3.186447
-1.49302,-4.082732E-05,-3.186586
-1.49302,-4.082732E-05,-3.186586
-1.492718,0.000897631,-3.186447
-1.493067,0.00245538,-3.190509
-1.493406,0.001494732,-3.190602
-1.493335,0.003994796,-3.194606
-1.493715,0.003042225,-3.19468
-1.493715,0.003042225,-3.19468
-1.493335,0.003994796,-3.194606
-1.493775,0.00533016,-3.198396
-1.494205,0.004408393,-3.198467
-1.494205,0.004408393,-3.198467
-1.493775,0.00533016,-3.198396
-1.494425,0.006214447,-3.201623
-1.494807,0.005231131,-3.201667
-1.495081,0.006772723,-3.204536
-1.495462,0.005788311,-3.204579
-1.495462,0.005788311,-3.204579
-1.495081,0.006772723,-3.204536
-1.495409,0.007081207,-3.207429
-1.495795,0.006100632,-3.207473
-1.495795,0.006100632,-3.207473
-1.495409,0.007081207,-3.207429
-1.495407,0.007199042,-3.210357
-1.495794,0.006224286,-3.210406
-1.495794,0.006224286,-3.210406
-1.495407,0.007199042,-3.210357
-1.49511,0.007199839,-3.213368
-1.495496,0.006230202,-3.213422
-1.495496,0.006230202,-3.213422
-1.49511,0.007199839,-3.213368
-1.494609,0.007128723,-3.216445
-1.494995,0.006163403,-3.216503
-1.493999,0.007030204,-3.219568
-1.494384,0.006068386,-3.21963
-1.493373,0.006948385,-3.222717
-1.493757,0.005989265,-3.222782
-1.492826,0.006927263,-3.225871
-1.493208,0.005970128,-3.225939
-1.493208,0.005970128,-3.225939
-1.492826,0.006927263,-3.225871
-1.492453,0.007010799,-3.22901
-1.492833,0.006055079,-3.229082
-1.492833,0.006055079,-3.229082
-1.492453,0.007010799,-3.22901
-1.492349,0.007242445,-3.232113
-1.492726,0.006287735,-3.232187
-1.492726,0.006287735,-3.232187
-1.492349,0.007242445,-3.232113
-1.492607,0.00765812,-3.235153
-1.492979,0.006704323,-3.235231
-1.492979,0.006704323,-3.235231
-1.492607,0.00765812,-3.235153
-1.493063,0.008108597,-3.238096
-1.493433,0.007155798,-3.238176
-1.493433,0.007155798,-3.238176
-1.493063,0.008108597,-3.238096
-1.493618,0.008511618,-3.240928
-1.493989,0.007558487,-3.241008
-1.493989,0.007558487,-3.241008
-1.493618,0.008511618,-3.240928
-1.49426,0.00887315,-3.243665
-1.494634,0.007918976,-3.243742
-1.494967,0.009203557,-3.246329
-1.495343,0.008248024,-3.246403
-1.495716,0.009514034,-3.248947
-1.496095,0.008556973,-3.249017
-1.496482,0.009815942,-3.251545
-1.496865,0.008857191,-3.251611
-1.497243,0.01012067,-3.25415
-1.49763,0.009160094,-3.254212
-1.497974,0.01043962,-3.256788
-1.498365,0.00947709,-3.256845
-1.498651,0.01078422,-3.259485
-1.499046,0.009819612,-3.259538
-1.499046,0.009819612,-3.259538
-1.498651,0.01078422,-3.259485
-1.499251,0.01116586,-3.262268
-1.499651,0.01019906,-3.262316
-1.477976,-0.00998788,-3.134602
-1.477983,-0.008947335,-3.134529
-1.47833,-0.008783296,-3.137271
-1.47833,-0.009810682,-3.137352
-1.478596,-0.00877258,-3.139923
-1.478602,-0.009788387,-3.14001
-1.478806,-0.008864539,-3.142513
-1.478818,-0.009870345,-3.142607
-1.478988,-0.009008562,-3.145072
-1.479005,-0.01000596,-3.145171
-1.479188,-0.009158559,-3.147615
-1.479205,-0.01014848,-3.14772
-1.479205,-0.01014848,-3.14772
-1.479188,-0.009158559,-3.147615
-1.479473,-0.009274524,-3.150133
-1.479489,-0.01025832,-3.150245
-1.479489,-0.01025832,-3.150245
-1.479473,-0.009274524,-3.150133
-1.479866,-0.009304792,-3.152662
-1.479878,-0.0102843,-3.152781
-1.479878,-0.0102843,-3.152781
-1.479866,-0.009304792,-3.152662
-1.480386,-0.009198468,-3.155237
-1.480393,-0.01017629,-3.15536
-1.480393,-0.01017629,-3.15536
-1.480386,-0.009198468,-3.155237
-1.48105,-0.008910099,-3.157889
-1.481049,-0.009890553,-3.158015
-1.481049,-0.009890553,-3.158015
-1.48105,-0.008910099,-3.157889
-1.481856,-0.008418236,-3.160642
-1.481845,-0.009406323,-3.160767
-1.482767,-0.007741256,-3.1635
-1.482746,-0.008739144,-3.163623
-1.483727,-0.006916298,-3.166467
-1.483699,-0.007924233,-3.166584
-1.484671,-0.005983394,-3.169546
-1.48464,-0.00700105,-3.169657
-1.48464,-0.00700105,-3.169657
-1.484671,-0.005983394,-3.169546
-1.485753,-0.005102854,-3.172485
-1.485668,-0.006099554,-3.172651
-1.485668,-0.006099554,-3.172651
-1.485753,-0.005102854,-3.172485
-1.487264,-0.004363522,-3.175009
-1.487114,-0.005347911,-3.175229
-1.487114,-0.005347911,-3.175229
-1.487264,-0.004363522,-3.175009
-1.48914,-0.003537444,-3.177375
-1.488945,-0.004523113,-3.177624
-1.488945,-0.004523113,-3.177624
-1.48914,-0.003537444,-3.177375
-1.490952,-0.002558004,-3.179929
-1.490752,-0.00355942,-3.180166
-1.490752,-0.00355942,-3.180166
-1.490952,-0.002558004,-3.179929
-1.492286,-0.001383921,-3.18298
-1.492122,-0.002415052,-3.183165
-1.492122,-0.002415052,-3.183165
-1.492286,-0.001383921,-3.18298
-1.49302,-4.082732E-05,-3.186586
-1.49291,-0.001108369,-3.186701
-1.49291,-0.001108369,-3.186701
-1.49302,-4.082732E-05,-3.186586
-1.493406,0.001494732,-3.190602
-1.493338,0.0003966801,-3.190661
-1.493715,0.003042225,-3.19468
-1.493698,0.00197088,-3.19473
-1.493698,0.00197088,-3.19473
-1.493715,0.003042225,-3.19468
-1.494205,0.004408393,-3.198467
-1.494231,0.003386229,-3.198536
-1.494231,0.003386229,-3.198536
-1.494205,0.004408393,-3.198467
-1.494807,0.005231131,-3.201667
-1.494756,0.004153267,-3.201733
-1.494756,0.004153267,-3.201733
-1.494807,0.005231131,-3.201667
-1.495462,0.005788311,-3.204579
-1.495391,0.004691903,-3.204642
-1.495391,0.004691903,-3.204642
-1.495462,0.005788311,-3.204579
-1.495795,0.006100632,-3.207473
-1.495736,0.005014356,-3.207536
-1.495736,0.005014356,-3.207536
-1.495795,0.006100632,-3.207473
-1.495794,0.006224286,-3.210406
-1.495743,0.005150713,-3.210476
-1.495743,0.005150713,-3.210476
-1.495794,0.006224286,-3.210406
-1.495496,0.006230202,-3.213422
-1.495452,0.00516754,-3.213498
-1.495452,0.00516754,-3.213498
-1.495496,0.006230202,-3.213422
-1.494995,0.006163403,-3.216503
-1.494957,0.005109519,-3.216584
-1.494384,0.006068386,-3.21963
-1.494351,0.005021047,-3.219713
-1.493757,0.005989265,-3.222782
-1.493728,0.00494631,-3.222867
-1.493208,0.005970128,-3.225939
-1.493182,0.004929643,-3.226025
-1.493182,0.004929643,-3.226025
-1.493208,0.005970128,-3.225939
-1.492833,0.006055079,-3.229082
-1.492806,0.005015496,-3.229168
-1.492806,0.005015496,-3.229168
-1.492833,0.006055079,-3.229082
-1.492726,0.006287735,-3.232187
-1.492696,0.00524798,-3.232276
-1.492696,0.00524798,-3.232276
-1.492726,0.006287735,-3.232187
-1.492979,0.006704323,-3.235231
-1.492942,0.005664539,-3.235324
-1.492942,0.005664539,-3.235324
-1.492979,0.006704323,-3.235231
-1.493433,0.007155798,-3.238176
-1.493392,0.006118059,-3.238274
-1.493392,0.006118059,-3.238274
-1.493433,0.007155798,-3.238176
-1.493989,0.007558487,-3.241008
-1.493947,0.00652137,-3.241107
-1.493947,0.00652137,-3.241107
-1.493989,0.007558487,-3.241008
-1.494634,0.007918976,-3.243742
-1.494591,0.006881658,-3.243841
-1.494591,0.006881658,-3.243841
-1.494634,0.007918976,-3.243742
-1.495343,0.008248024,-3.246403
-1.495303,0.007210057,-3.2465
-1.496095,0.008556973,-3.249017
-1.496057,0.00751796,-3.249113
-1.496865,0.008857191,-3.251611
-1.49683,0.007816784,-3.251704
-1.49763,0.009160094,-3.254212
-1.497598,0.008117933,-3.2543
-1.498365,0.00947709,-3.256845
-1.498337,0.008432828,-3.256928
-1.499046,0.009819612,-3.259538
-1.499024,0.008772884,-3.259615
-1.499024,0.008772884,-3.259615
-1.499046,0.009819612,-3.259538
-1.499651,0.01019906,-3.262316
-1.499634,0.009149529,-3.262386
-1.47255,-0.01000305,-3.134838
-1.472955,-0.01096614,-3.134886
-1.473334,-0.01074359,-3.137663
-1.472924,-0.009790227,-3.13761
-1.472924,-0.009790227,-3.13761
-1.473334,-0.01074359,-3.137663
-1.473624,-0.01068824,-3.140341
-1.473208,-0.009744056,-3.140282
-1.473208,-0.009744056,-3.140282
-1.473624,-0.01068824,-3.140341
-1.47385,-0.01074945,-3.14295
-1.47343,-0.009813868,-3.142886
-1.474042,-0.01087659,-3.145519
-1.473618,-0.009949032,-3.14545
-1.474229,-0.01102008,-3.148076
-1.473801,-0.0101001,-3.148002
-1.474482,-0.01114028,-3.150612
-1.474053,-0.01022754,-3.150532
-1.474053,-0.01022754,-3.150532
-1.474482,-0.01114028,-3.150612
-1.474832,-0.01118848,-3.153151
-1.474403,-0.01028218,-3.153065
-1.474403,-0.01028218,-3.153065
-1.474832,-0.01118848,-3.153151
-1.475302,-0.01111417,-3.155728
-1.474874,-0.01021293,-3.155638
-1.474874,-0.01021293,-3.155638
-1.475302,-0.01111417,-3.155728
-1.475911,-0.01087149,-3.158374
-1.475485,-0.009972351,-3.15828
-1.475485,-0.009972351,-3.15828
-1.475911,-0.01087149,-3.158374
-1.476663,-0.01043254,-3.161111
-1.476243,-0.009530557,-3.161016
-1.476243,-0.009530557,-3.161016
-1.476663,-0.01043254,-3.161111
-1.477536,-0.009805109,-3.163948
-1.477123,-0.008896906,-3.163854
-1.47848,-0.009022027,-3.166886
-1.478073,-0.008106438,-3.166794
-1.479434,-0.008122569,-3.169927
-1.479032,-0.007199174,-3.169839
-1.480364,-0.007163789,-3.17304
-1.479983,-0.00624189,-3.172937
-1.479983,-0.00624189,-3.172937
-1.480364,-0.007163789,-3.17304
-1.481596,-0.006372344,-3.175796
-1.481263,-0.005465819,-3.175647
-1.481263,-0.005465819,-3.175647
-1.481596,-0.006372344,-3.175796
-1.483278,-0.00560116,-3.178237
-1.482988,-0.004703216,-3.178052
-1.482988,-0.004703216,-3.178052
-1.483278,-0.00560116,-3.178237
-1.485129,-0.004747625,-3.180646
-1.484865,-0.003850864,-3.180443
-1.484865,-0.003850864,-3.180443
-1.485129,-0.004747625,-3.180646
-1.48673,-0.003748097,-3.183357
-1.486469,-0.002842259,-3.18316
-1.486469,-0.002842259,-3.18316
-1.48673,-0.003748097,-3.183357
-1.48777,-0.002594152,-3.186582
-1.487486,-0.001669032,-3.186419
-1.487486,-0.001669032,-3.186419
-1.48777,-0.002594152,-3.186582
-1.488331,-0.001225714,-3.190326
-1.488011,-0.00027881,-3.190207
-1.488011,-0.00027881,-3.190207
-1.488331,-0.001225714,-3.190326
-1.488623,0.0002448857,-3.194341
-1.488273,0.001209553,-3.194259
-1.488905,0.001638133,-3.198291
-1.488509,0.002586577,-3.198224
-1.489289,0.002677251,-3.201839
-1.488909,0.003657106,-3.201791
-1.488909,0.003657106,-3.201791
-1.489289,0.002677251,-3.201839
-1.489894,0.003333107,-3.204878
-1.489508,0.004314255,-3.204835
-1.489508,0.004314255,-3.204835
-1.489894,0.003333107,-3.204878
-1.490324,0.003720116,-3.207778
-1.489935,0.004698675,-3.207734
-1.489935,0.004698675,-3.207734
-1.490324,0.003720116,-3.207778
-1.490424,0.003931932,-3.210728
-1.490037,0.004905537,-3.210679
-1.490037,0.004905537,-3.210679
-1.490424,0.003931932,-3.210728
-1.490223,0.004017085,-3.213756
-1.489836,0.004986003,-3.213702
-1.489836,0.004986003,-3.213702
-1.490223,0.004017085,-3.213756
-1.489809,0.004013814,-3.21684
-1.489423,0.004978657,-3.216781
-1.489423,0.004978657,-3.216781
-1.489809,0.004013814,-3.21684
-1.489277,0.003964473,-3.219958
-1.488892,0.004925966,-3.219896
-1.488717,0.003913183,-3.223093
-1.488333,0.004872113,-3.223027
-1.48822,0.003905475,-3.226227
-1.487837,0.004862543,-3.226158
-1.487837,0.004862543,-3.226158
-1.48822,0.003905475,-3.226227
-1.487875,0.003988091,-3.229347
-1.487495,0.004943881,-3.229276
-1.487495,0.004943881,-3.229276
-1.487875,0.003988091,-3.229347
-1.487769,0.004208483,-3.23244
-1.487391,0.005163457,-3.232367
-1.487391,0.005163457,-3.232367
-1.487769,0.004208483,-3.23244
-1.487989,0.004612293,-3.235494
-1.487615,0.005566623,-3.235417
-1.487615,0.005566623,-3.235417
-1.487989,0.004612293,-3.235494
-1.488417,0.005075917,-3.238467
-1.488046,0.006029069,-3.238388
-1.488046,0.006029069,-3.238388
-1.488417,0.005075917,-3.238467
-1.488945,0.005492184,-3.24133
-1.488574,0.006445285,-3.241251
-1.488574,0.006445285,-3.241251
-1.488945,0.005492184,-3.24133
-1.489564,0.005864639,-3.244092
-1.489191,0.006818548,-3.244015
-1.490255,0.006202877,-3.246774
-1.489879,0.007158037,-3.2467
-1.490993,0.00651801,-3.249403
-1.490615,0.007474639,-3.249332
-1.491757,0.006821346,-3.252005
-1.491375,0.007779624,-3.251937
-1.492521,0.007124264,-3.254606
-1.492136,0.008084342,-3.254542
-1.493263,0.007438172,-3.257231
-1.492873,0.008400176,-3.257173
-1.493957,0.007774483,-3.259909
-1.493563,0.008738544,-3.259855
-1.494581,0.008144598,-3.262666
-1.494183,0.009110861,-3.262617
-1.504406,0.01835545,-3.302886
-1.503324,0.01834677,-3.302929
-1.502319,0.01793635,-3.302995
-1.505401,0.01796107,-3.302871
-1.501545,0.01718668,-3.303072
-1.506158,0.01722368,-3.302887
-1.501119,0.01621189,-3.30315
-1.50656,0.01625553,-3.302931
-1.501107,0.01516038,-3.303216
-1.506548,0.01520401,-3.302998
-1.501509,0.01419223,-3.303261
-1.506122,0.01422923,-3.303076
-1.502265,0.01345484,-3.303277
-1.505348,0.01347956,-3.303153
-1.503261,0.01306046,-3.303262
-1.504343,0.01306913,-3.303219
-1.473746,-0.007258186,-3.134597
-1.474745,-0.006858582,-3.134525
-1.475823,-0.006857177,-3.134477
-1.476817,-0.007253602,-3.134461
-1.472978,-0.007995898,-3.134682
-1.477576,-0.007987423,-3.134479
-1.472558,-0.008959822,-3.134767
-1.477983,-0.008947335,-3.134529
-1.47255,-0.01000305,-3.134838
-1.477976,-0.00998788,-3.134602
-1.472955,-0.01096614,-3.134886
-1.477556,-0.01095119,-3.134687
-1.473712,-0.01170176,-3.134903
-1.476787,-0.0116907,-3.134771
-1.474707,-0.01209757,-3.134887
-1.475787,-0.01209348,-3.134841

